-- MySQL dump 10.13  Distrib 8.0.22, for Win64 (x86_64)
--
-- Host: localhost    Database: vk
-- ------------------------------------------------------
-- Server version	8.0.22

/*!40101 SET @OLD_CHARACTER_SET_CLIENT=@@CHARACTER_SET_CLIENT */;
/*!40101 SET @OLD_CHARACTER_SET_RESULTS=@@CHARACTER_SET_RESULTS */;
/*!40101 SET @OLD_COLLATION_CONNECTION=@@COLLATION_CONNECTION */;
/*!50503 SET NAMES utf8mb4 */;
/*!40103 SET @OLD_TIME_ZONE=@@TIME_ZONE */;
/*!40103 SET TIME_ZONE='+00:00' */;
/*!40014 SET @OLD_UNIQUE_CHECKS=@@UNIQUE_CHECKS, UNIQUE_CHECKS=0 */;
/*!40014 SET @OLD_FOREIGN_KEY_CHECKS=@@FOREIGN_KEY_CHECKS, FOREIGN_KEY_CHECKS=0 */;
/*!40101 SET @OLD_SQL_MODE=@@SQL_MODE, SQL_MODE='NO_AUTO_VALUE_ON_ZERO' */;
/*!40111 SET @OLD_SQL_NOTES=@@SQL_NOTES, SQL_NOTES=0 */;

--
-- Table structure for table `communities`
--

DROP TABLE IF EXISTS `communities`;
/*!40101 SET @saved_cs_client     = @@character_set_client */;
/*!50503 SET character_set_client = utf8mb4 */;
CREATE TABLE `communities` (
  `id` int unsigned NOT NULL AUTO_INCREMENT COMMENT 'Идентификатор сроки',
  `name` varchar(150) CHARACTER SET utf8 COLLATE utf8_unicode_ci NOT NULL COMMENT 'Название группы',
  `created_at` datetime DEFAULT CURRENT_TIMESTAMP COMMENT 'Время создания строки',
  `updated_at` datetime DEFAULT CURRENT_TIMESTAMP ON UPDATE CURRENT_TIMESTAMP COMMENT 'Время обновления строки',
  PRIMARY KEY (`id`),
  UNIQUE KEY `name` (`name`)
) ENGINE=InnoDB AUTO_INCREMENT=101 DEFAULT CHARSET=utf8 COLLATE=utf8_unicode_ci COMMENT='Группы';
/*!40101 SET character_set_client = @saved_cs_client */;

--
-- Dumping data for table `communities`
--

LOCK TABLES `communities` WRITE;
/*!40000 ALTER TABLE `communities` DISABLE KEYS */;
INSERT INTO `communities` VALUES (1,'qui','1995-12-03 17:01:46','1971-03-26 11:40:51'),(2,'unde','2008-12-28 00:06:59','1980-11-14 00:41:06'),(3,'illum','2017-11-03 14:22:10','1998-07-21 22:58:21'),(4,'error','2012-09-27 09:50:23','2008-03-05 18:17:50'),(5,'quidem','2018-08-11 19:21:31','1999-10-05 20:32:06'),(6,'et','1995-12-15 13:03:08','2011-08-16 02:46:22'),(7,'est','2014-06-06 16:39:52','1979-05-06 17:00:55'),(8,'cumque','1990-08-28 17:50:30','1980-09-08 01:07:17'),(9,'dolorem','1993-12-30 22:02:43','1998-01-17 22:09:19'),(10,'sed','2019-10-20 10:24:44','1979-08-09 13:26:29'),(11,'animi','2003-11-15 23:30:37','2018-01-07 21:09:39'),(12,'doloribus','1975-05-14 18:33:52','1991-12-02 21:28:38'),(13,'enim','2019-09-11 08:45:16','1994-08-09 10:22:28'),(14,'nihil','1998-11-15 08:21:12','2012-08-01 13:39:59'),(15,'consequuntur','2014-11-26 02:17:04','1975-01-07 10:39:51'),(16,'voluptatum','2000-06-10 17:26:13','2011-04-01 19:24:09'),(17,'possimus','1985-11-09 00:29:41','2010-04-07 17:55:00'),(18,'consectetur','1980-06-12 11:31:34','2012-05-03 21:13:06'),(19,'delectus','1978-02-05 09:23:35','2012-11-15 16:33:28'),(20,'perferendis','1993-10-08 15:40:21','2010-12-13 22:16:34');
/*!40000 ALTER TABLE `communities` ENABLE KEYS */;
UNLOCK TABLES;

--
-- Table structure for table `communities_users`
--

DROP TABLE IF EXISTS `communities_users`;
/*!40101 SET @saved_cs_client     = @@character_set_client */;
/*!50503 SET character_set_client = utf8mb4 */;
CREATE TABLE `communities_users` (
  `community_id` int unsigned NOT NULL COMMENT 'Ссылка на группу',
  `user_id` int unsigned NOT NULL COMMENT 'Ссылка на пользователя',
  `created_at` datetime DEFAULT CURRENT_TIMESTAMP COMMENT 'Время создания строки',
  PRIMARY KEY (`community_id`,`user_id`) COMMENT 'Составной первичный ключ'
) ENGINE=InnoDB DEFAULT CHARSET=utf8 COLLATE=utf8_unicode_ci COMMENT='Участники групп, связь между пользователями и группами';
/*!40101 SET character_set_client = @saved_cs_client */;

--
-- Dumping data for table `communities_users`
--

LOCK TABLES `communities_users` WRITE;
/*!40000 ALTER TABLE `communities_users` DISABLE KEYS */;
INSERT INTO `communities_users` VALUES (1,11,'1984-12-29 22:13:51'),(1,16,'1990-04-27 06:19:47'),(1,19,'1980-03-06 04:39:57'),(1,37,'1985-12-15 20:20:54'),(1,53,'2006-03-09 21:34:03'),(1,72,'1983-07-20 05:43:17'),(1,87,'2011-01-04 21:11:18'),(1,96,'2018-06-25 10:29:22'),(1,98,'1972-04-25 16:30:54'),(2,21,'1994-04-25 22:35:00'),(2,39,'1997-05-18 21:50:59'),(3,10,'1984-08-26 14:11:08'),(3,21,'1985-06-30 02:45:16'),(3,22,'2013-12-04 09:25:38'),(3,29,'1981-12-17 12:27:35'),(3,53,'1984-06-17 17:44:16'),(3,59,'1998-11-09 17:01:04'),(3,69,'2009-11-20 15:19:47'),(3,76,'1996-06-10 22:16:57'),(3,82,'1995-06-05 19:03:31'),(3,83,'1979-12-15 14:39:07'),(3,84,'1984-12-26 03:47:45'),(3,96,'1989-09-28 21:46:12'),(4,8,'1996-05-18 13:31:21'),(4,19,'2014-10-12 01:19:59'),(4,24,'1971-12-30 21:53:31'),(4,36,'1982-11-14 15:58:46'),(4,61,'1978-07-18 04:57:09'),(4,66,'1995-04-17 20:32:56'),(4,82,'2005-06-20 22:40:16'),(5,1,'2015-01-30 01:39:11'),(5,13,'2006-05-12 04:38:45'),(5,17,'1987-09-30 01:58:21'),(5,24,'1991-05-12 21:50:40'),(5,40,'1974-02-08 03:29:31'),(6,18,'2019-07-19 17:26:14'),(6,28,'1973-06-19 19:02:51'),(6,40,'2011-07-25 11:13:33'),(6,46,'1980-08-14 19:53:37'),(6,78,'2018-01-16 11:04:38'),(7,26,'2011-08-08 10:20:52'),(7,67,'1985-09-21 04:29:29'),(7,78,'1986-04-23 11:57:01'),(8,14,'1999-11-10 03:21:37'),(8,77,'2009-11-04 11:26:50'),(9,22,'1995-07-18 03:59:17'),(9,41,'2018-12-16 17:45:54'),(9,46,'1980-01-07 04:11:13'),(9,63,'1972-06-04 23:51:00'),(9,65,'2016-09-06 21:18:57'),(10,21,'1974-04-21 06:50:31'),(10,78,'2002-03-28 21:12:40'),(10,90,'1994-05-27 18:51:38'),(11,16,'2003-10-26 22:32:43'),(11,34,'2015-05-12 04:39:23'),(11,45,'2010-02-11 22:30:49'),(11,56,'1999-03-15 17:36:40'),(11,61,'1982-05-05 04:13:36'),(11,65,'1995-07-27 04:36:21'),(11,72,'1983-06-16 11:03:05'),(11,76,'1992-10-13 20:39:22'),(11,98,'2007-07-26 08:01:37'),(12,29,'1992-12-20 20:57:19'),(12,32,'2018-10-16 16:11:50'),(12,50,'1980-12-22 01:43:34'),(12,57,'1976-04-05 11:23:07'),(13,24,'1982-11-08 12:06:21'),(13,52,'1983-05-02 22:31:18'),(13,71,'1978-06-20 19:29:29'),(13,79,'1978-06-01 07:01:34'),(13,82,'2011-09-13 08:22:11'),(13,83,'1987-07-20 10:09:37'),(13,89,'2007-04-24 23:00:26'),(13,90,'2018-04-21 00:16:21'),(14,34,'2018-12-26 03:03:46'),(14,35,'1991-09-01 23:23:50'),(14,77,'1974-10-04 13:50:54'),(14,80,'1988-05-19 21:29:55'),(15,27,'1990-10-28 15:30:36'),(15,30,'1991-11-08 04:35:24'),(15,49,'2006-10-16 19:18:58'),(15,71,'2014-09-16 04:17:18'),(15,96,'1970-05-25 07:58:27'),(16,19,'1998-11-18 04:32:26'),(16,24,'1985-12-05 12:32:14'),(16,36,'1997-01-13 12:14:22'),(16,55,'1975-04-11 13:21:56'),(17,22,'1977-10-12 17:09:59'),(17,30,'2010-08-26 19:13:09'),(17,74,'2003-02-21 20:58:04'),(18,22,'2012-02-25 18:24:47'),(18,32,'1990-12-02 09:26:34'),(18,92,'1991-03-02 11:01:17'),(18,94,'2020-10-06 09:31:07'),(19,22,'1988-02-27 16:42:37'),(19,41,'1975-09-06 08:54:48'),(19,93,'1985-04-21 05:45:28'),(20,35,'2013-07-05 22:24:14'),(20,92,'2014-05-11 18:38:12');
/*!40000 ALTER TABLE `communities_users` ENABLE KEYS */;
UNLOCK TABLES;

--
-- Table structure for table `friendship`
--

DROP TABLE IF EXISTS `friendship`;
/*!40101 SET @saved_cs_client     = @@character_set_client */;
/*!50503 SET character_set_client = utf8mb4 */;
CREATE TABLE `friendship` (
  `user_id` int unsigned NOT NULL COMMENT 'Ссылка на инициатора дружеских отношений',
  `friend_id` int unsigned NOT NULL COMMENT 'Ссылка на получателя приглашения дружить',
  `status_id` int unsigned NOT NULL COMMENT 'Ссылка на статус (текущее состояние) отношений',
  `confirmed_at` datetime DEFAULT NULL COMMENT 'Время подтверждения приглашения',
  `created_at` datetime DEFAULT CURRENT_TIMESTAMP COMMENT 'Время создания строки',
  `updated_at` datetime DEFAULT CURRENT_TIMESTAMP ON UPDATE CURRENT_TIMESTAMP COMMENT 'Время обновления строки',
  PRIMARY KEY (`user_id`,`friend_id`) COMMENT 'Составной первичный ключ'
) ENGINE=InnoDB DEFAULT CHARSET=utf8 COLLATE=utf8_unicode_ci COMMENT='Таблица дружбы';
/*!40101 SET character_set_client = @saved_cs_client */;

--
-- Dumping data for table `friendship`
--

LOCK TABLES `friendship` WRITE;
/*!40000 ALTER TABLE `friendship` DISABLE KEYS */;
INSERT INTO `friendship` VALUES (1,38,3,'2017-09-22 21:51:34','1987-04-26 00:25:32','2020-11-20 20:15:00'),(4,7,1,'2003-04-26 17:54:14','1984-05-04 12:20:21','2020-11-20 20:15:00'),(4,66,1,'1977-12-31 22:54:49','1988-07-25 22:04:26','2020-11-20 20:15:00'),(5,4,1,'1995-03-26 08:21:03','2007-09-04 02:11:00','2020-11-20 20:15:00'),(6,14,1,'2011-04-21 04:16:04','1990-06-26 22:43:28','2020-11-20 20:15:00'),(9,15,1,'1992-10-12 16:59:13','1987-01-01 00:38:07','2020-11-20 20:15:00'),(13,34,1,'1971-08-03 02:15:09','1980-07-06 02:03:41','2020-11-20 20:15:00'),(14,63,2,'1979-02-20 06:20:10','2009-01-23 16:24:22','2020-11-20 20:15:00'),(14,92,3,'1988-08-02 22:59:01','1984-08-18 17:28:20','2020-11-20 20:15:00'),(15,5,1,'2002-10-07 12:28:07','2000-03-31 19:06:09','2020-11-20 20:15:00'),(15,35,3,'1971-07-06 21:40:41','2010-03-08 20:57:41','2020-11-20 20:15:00'),(15,92,2,'1981-11-12 09:36:06','2019-05-16 14:13:13','2020-11-20 20:15:00'),(16,97,2,'1975-07-01 02:26:53','2010-01-07 15:54:55','2020-11-20 20:15:00'),(19,18,3,'1985-05-23 17:18:19','2014-06-03 18:54:23','2020-11-20 20:15:00'),(19,95,1,'2006-02-17 06:48:19','1993-07-30 20:26:34','2020-11-20 20:15:00'),(20,50,2,'2011-09-30 17:38:10','2012-11-03 07:45:41','2020-11-20 20:15:00'),(21,6,3,'1983-06-15 15:47:04','1990-12-08 04:52:46','2020-11-20 20:15:00'),(22,12,3,'2018-01-12 23:49:11','2003-01-02 07:46:41','2020-11-20 20:15:00'),(23,57,1,'1977-04-18 08:54:58','1986-08-23 15:15:21','2020-11-20 20:15:00'),(24,99,2,'1975-01-15 10:13:21','1984-01-09 22:15:38','2020-11-20 20:15:00'),(26,48,2,'1998-12-27 18:20:53','1999-07-13 13:14:09','2020-11-20 20:15:00'),(26,62,2,'1989-07-06 19:59:37','2017-01-28 09:10:52','2020-11-20 20:15:00'),(27,71,2,'1982-04-15 10:05:38','2000-12-30 17:58:53','2020-11-20 20:15:00'),(28,6,1,'1987-03-15 20:19:37','2012-01-13 07:27:22','2020-11-20 20:15:00'),(28,38,2,'1982-03-16 15:07:24','2010-10-31 18:40:10','2020-11-20 20:15:00'),(29,37,2,'2006-06-28 11:11:58','1971-12-30 23:08:08','2020-11-20 20:15:00'),(29,61,1,'1973-09-07 21:57:16','1998-08-16 07:10:54','2020-11-20 20:15:00'),(30,9,2,'2001-08-29 04:43:58','1977-08-01 20:15:01','2020-11-20 20:15:00'),(32,28,2,'1989-10-11 19:59:12','1995-06-22 17:37:54','2020-11-20 20:15:00'),(33,27,2,'1989-04-25 13:36:31','1998-01-14 12:14:30','2020-11-20 20:15:00'),(33,37,1,'1988-10-27 08:03:04','2010-06-26 07:35:44','2020-11-20 20:15:00'),(35,18,2,'2011-08-11 21:42:12','1999-07-09 18:07:27','2020-11-20 20:15:00'),(35,47,1,'1974-04-27 22:55:47','2005-12-09 09:49:43','2020-11-20 20:15:00'),(35,86,3,'2020-10-02 14:56:39','1997-08-20 18:07:55','2020-11-20 20:15:00'),(35,91,1,'2018-04-09 01:17:13','1997-03-19 15:30:53','2020-11-20 20:15:00'),(36,100,1,'2009-12-22 21:57:16','2005-10-15 15:26:42','2020-11-20 20:15:00'),(37,38,2,'1972-02-01 04:09:14','1995-06-01 20:37:41','2020-11-20 20:15:00'),(37,73,2,'1986-09-25 17:14:22','2001-04-06 10:11:01','2020-11-20 20:15:00'),(39,10,2,'1991-08-05 12:42:09','2018-12-18 04:09:45','2020-11-20 20:15:00'),(41,63,1,'2007-01-06 16:07:26','1999-09-05 01:31:29','2020-11-20 20:15:00'),(42,63,3,'1989-01-26 22:58:47','1996-02-05 14:01:10','2020-11-20 20:15:00'),(44,2,1,'1988-02-16 13:21:33','2007-06-03 02:18:11','2020-11-20 20:15:00'),(45,41,1,'2000-01-04 14:25:18','2010-05-27 23:19:37','2020-11-20 20:15:00'),(47,11,2,'2020-11-02 21:33:03','2017-06-01 21:41:42','2020-11-20 20:15:00'),(48,94,1,'1970-09-03 21:53:28','1972-03-15 21:11:25','2020-11-20 20:15:00'),(49,63,3,'1992-11-30 07:28:02','1977-10-14 03:50:11','2020-11-20 20:15:00'),(50,51,1,'2016-08-11 16:43:39','2002-02-12 21:24:29','2020-11-20 20:15:00'),(51,14,1,'1992-09-05 23:44:11','2017-07-27 05:48:35','2020-11-20 20:15:00'),(52,40,2,'2017-01-15 20:44:59','1970-06-08 13:47:08','2020-11-20 20:15:00'),(53,88,3,'1980-03-07 10:14:39','2001-05-24 15:07:37','2020-11-20 20:15:00'),(55,48,1,'1981-03-21 01:28:42','1971-02-02 14:17:41','2020-11-20 20:15:00'),(56,88,1,'2018-12-11 07:58:34','2020-05-04 01:44:55','2020-11-20 20:15:00'),(59,42,1,'1994-03-01 01:38:03','1993-07-07 05:02:58','2020-11-20 20:15:00'),(59,43,3,'1991-08-29 01:31:33','2012-04-22 02:54:03','2020-11-20 20:15:00'),(59,83,2,'1999-11-02 11:59:16','2019-01-24 19:18:45','2020-11-20 20:15:00'),(60,28,2,'1972-08-25 20:40:37','1996-05-07 02:44:19','2020-11-20 20:15:00'),(60,54,2,'2014-02-04 05:22:50','1981-01-13 09:45:48','2020-11-20 20:15:00'),(60,66,1,'1976-08-14 17:05:58','1987-11-28 03:11:31','2020-11-20 20:15:00'),(63,13,3,'2018-07-30 11:22:14','1978-01-21 23:29:12','2020-11-20 20:15:00'),(63,28,2,'1974-08-31 02:29:41','2016-07-25 11:00:14','2020-11-20 20:15:00'),(65,51,3,'2012-04-26 05:29:57','1990-11-30 09:17:04','2020-11-20 20:15:00'),(66,12,1,'2011-02-25 21:41:45','2018-08-04 19:44:41','2020-11-20 20:15:00'),(68,19,2,'1981-04-03 20:23:17','1970-03-24 00:36:27','2020-11-20 20:15:00'),(68,33,1,'2009-12-14 19:35:31','1979-08-26 07:00:41','2020-11-20 20:15:00'),(68,49,1,'1979-02-09 01:33:42','2019-04-16 21:35:41','2020-11-20 20:15:00'),(68,59,2,'1974-01-09 08:53:14','1978-01-15 06:32:23','2020-11-20 20:15:00'),(70,66,1,'2000-09-25 09:52:27','1989-04-17 11:52:56','2020-11-20 20:15:00'),(72,71,1,'1990-08-25 19:43:03','1980-02-07 14:19:59','2020-11-20 20:15:00'),(73,21,1,'1994-03-15 12:19:39','2012-06-11 09:29:58','2020-11-20 20:15:00'),(73,100,2,'2016-09-27 17:12:10','1990-03-08 05:23:28','2020-11-20 20:15:00'),(74,56,3,'1995-08-12 15:07:40','1991-03-01 05:15:01','2020-11-20 20:15:00'),(74,57,1,'2013-07-08 14:00:51','1986-08-22 02:47:01','2020-11-20 20:15:00'),(75,37,2,'1988-11-26 02:34:03','1990-08-17 18:48:38','2020-11-20 20:15:00'),(76,11,3,'1994-11-07 19:46:19','2011-10-18 01:59:44','2020-11-20 20:15:00'),(76,18,2,'2005-02-11 06:28:51','1984-08-13 00:39:05','2020-11-20 20:15:00'),(77,14,1,'1986-10-14 09:53:28','2001-10-17 21:44:42','2020-11-20 20:15:00'),(77,69,2,'2006-02-16 23:46:04','1975-04-14 10:56:33','2020-11-20 20:15:00'),(78,83,2,'1981-12-02 21:18:27','1992-04-02 22:56:06','2020-11-20 20:15:00'),(78,86,1,'1987-05-02 16:33:55','2004-03-23 14:55:11','2020-11-20 20:15:00'),(78,94,2,'1991-07-12 13:19:19','2000-12-06 15:24:22','2020-11-20 20:15:00'),(79,23,1,'2008-08-24 15:49:59','1986-10-22 01:51:53','2020-11-20 20:15:00'),(80,2,2,'1977-03-25 05:50:21','1977-11-12 04:01:04','2020-11-20 20:15:00'),(81,54,1,'1980-04-21 19:38:50','1999-06-29 11:05:16','2020-11-20 20:15:00'),(83,51,3,'2015-02-25 20:24:02','1994-02-06 22:06:29','2020-11-20 20:15:00'),(86,67,2,'1995-03-31 14:44:14','1998-06-16 21:40:59','2020-11-20 20:15:00'),(87,79,2,'1979-08-27 13:54:40','2004-04-09 18:33:29','2020-11-20 20:15:00'),(87,88,3,'1981-02-25 10:22:06','1995-04-29 19:28:54','2020-11-20 20:15:00'),(88,26,2,'1970-10-11 19:12:54','1972-06-05 06:45:59','2020-11-20 20:15:00'),(88,27,3,'1989-07-10 02:15:40','1988-07-13 05:44:41','2020-11-20 20:15:00'),(89,52,1,'2016-12-22 09:01:46','1973-06-29 09:13:40','2020-11-20 20:15:00'),(89,90,2,'2016-09-30 11:06:02','1989-11-17 03:29:06','2020-11-20 20:15:00'),(90,62,3,'1985-07-04 18:57:19','1990-09-06 09:42:13','2020-11-20 20:15:00'),(91,55,2,'2018-12-06 16:28:23','2013-08-07 07:28:52','2020-11-20 20:15:00'),(91,76,2,'1986-04-25 11:18:42','1979-04-14 01:05:00','2020-11-20 20:15:00'),(94,32,1,'2006-06-26 23:24:39','2002-02-27 13:52:06','2020-11-20 20:15:00'),(96,23,1,'2003-09-08 09:56:57','1972-11-17 20:07:25','2020-11-20 20:15:00'),(98,30,3,'2002-08-27 20:32:32','1971-02-25 08:59:31','2020-11-20 20:15:00'),(98,40,3,'1975-07-18 12:20:58','2006-12-30 21:57:38','2020-11-20 20:15:00'),(99,84,3,'1980-03-19 04:40:54','2018-07-08 13:06:26','2020-11-20 20:15:00');
/*!40000 ALTER TABLE `friendship` ENABLE KEYS */;
UNLOCK TABLES;

--
-- Table structure for table `friendship_statuses`
--

DROP TABLE IF EXISTS `friendship_statuses`;
/*!40101 SET @saved_cs_client     = @@character_set_client */;
/*!50503 SET character_set_client = utf8mb4 */;
CREATE TABLE `friendship_statuses` (
  `id` int unsigned NOT NULL AUTO_INCREMENT COMMENT 'Идентификатор строки',
  `name` varchar(150) CHARACTER SET utf8 COLLATE utf8_unicode_ci NOT NULL COMMENT 'Название статуса',
  `created_at` datetime DEFAULT CURRENT_TIMESTAMP COMMENT 'Время создания строки',
  `updated_at` datetime DEFAULT CURRENT_TIMESTAMP ON UPDATE CURRENT_TIMESTAMP COMMENT 'Время обновления строки',
  PRIMARY KEY (`id`),
  UNIQUE KEY `name` (`name`)
) ENGINE=InnoDB AUTO_INCREMENT=4 DEFAULT CHARSET=utf8 COLLATE=utf8_unicode_ci COMMENT='Статусы дружбы';
/*!40101 SET character_set_client = @saved_cs_client */;

--
-- Dumping data for table `friendship_statuses`
--

LOCK TABLES `friendship_statuses` WRITE;
/*!40000 ALTER TABLE `friendship_statuses` DISABLE KEYS */;
INSERT INTO `friendship_statuses` VALUES (1,'Requested','2020-11-20 20:15:00','2020-11-20 20:15:00'),(2,'Confirmed','2020-11-20 20:15:00','2020-11-20 20:15:00'),(3,'Rejected','2020-11-20 20:15:00','2020-11-20 20:15:00');
/*!40000 ALTER TABLE `friendship_statuses` ENABLE KEYS */;
UNLOCK TABLES;

--
-- Table structure for table `media`
--

DROP TABLE IF EXISTS `media`;
/*!40101 SET @saved_cs_client     = @@character_set_client */;
/*!50503 SET character_set_client = utf8mb4 */;
CREATE TABLE `media` (
  `id` int unsigned NOT NULL AUTO_INCREMENT COMMENT 'Идентификатор строки',
  `user_id` int unsigned NOT NULL COMMENT 'Ссылка на пользователя, который загрузил файл',
  `filename` varchar(255) NOT NULL COMMENT 'Путь к файлу',
  `size` int NOT NULL COMMENT 'Размер файла',
  `metadata` json DEFAULT NULL,
  `media_type_id` int unsigned NOT NULL COMMENT 'Ссылка на тип контента',
  `created_at` datetime DEFAULT CURRENT_TIMESTAMP COMMENT 'Время создания строки',
  `updated_at` datetime DEFAULT CURRENT_TIMESTAMP ON UPDATE CURRENT_TIMESTAMP COMMENT 'Время обновления строки',
  PRIMARY KEY (`id`)
) ENGINE=InnoDB AUTO_INCREMENT=101 DEFAULT CHARSET=utf8mb4 COLLATE=utf8mb4_0900_ai_ci COMMENT='Медиафайлы';
/*!40101 SET character_set_client = @saved_cs_client */;

--
-- Dumping data for table `media`
--

LOCK TABLES `media` WRITE;
/*!40000 ALTER TABLE `media` DISABLE KEYS */;
INSERT INTO `media` VALUES (1,1,'http://dropbox.net/vk/http://dropbox.net/vk/error.avi.mpeg',813591144,'{\"owner\": \"Tillman Fadel\"}',2,'1978-10-10 06:38:54','2020-11-20 20:15:00'),(2,2,'http://dropbox.net/vk/http://dropbox.net/vk/sunt.png.png',3348518,'{\"owner\": \"Giuseppe Green\"}',2,'1982-02-21 21:58:20','2020-11-20 20:15:00'),(3,3,'http://dropbox.net/vk/http://dropbox.net/vk/qui.avi.mpeg',149084,'{\"owner\": \"Willy Will\"}',2,'1990-09-23 17:48:31','2020-11-20 20:15:00'),(4,4,'http://dropbox.net/vk/http://dropbox.net/vk/voluptatibus.avi.avi',526099,'{\"owner\": \"Winifred Harris\"}',2,'1972-08-31 01:10:26','2020-11-20 20:15:00'),(5,5,'http://dropbox.net/vk/http://dropbox.net/vk/velit.mpeg.mpeg',3072,'{\"owner\": \"Ned Wilkinson\"}',3,'2005-04-11 20:43:39','2020-11-20 20:15:00'),(6,6,'http://dropbox.net/vk/http://dropbox.net/vk/et.jpeg.png',173241,'{\"owner\": \"Blanca Grady\"}',3,'2002-12-12 16:59:11','2020-11-20 20:15:00'),(7,7,'http://dropbox.net/vk/http://dropbox.net/vk/qui.png.mpeg',174673039,'{\"owner\": \"Effie Kiehn\"}',1,'2002-01-10 10:57:07','2020-11-20 20:15:00'),(8,8,'http://dropbox.net/vk/http://dropbox.net/vk/quam.png.avi',851409755,'{\"owner\": \"Kristina Wehner\"}',3,'2014-07-11 06:28:29','2020-11-20 20:15:00'),(9,9,'http://dropbox.net/vk/http://dropbox.net/vk/aliquam.png.mpeg',6364,'{\"owner\": \"Theodore Heidenreich\"}',1,'2019-07-20 03:09:45','2020-11-20 20:15:00'),(10,10,'http://dropbox.net/vk/http://dropbox.net/vk/earum.jpeg.avi',277911,'{\"owner\": \"Julio Bailey\"}',2,'1995-12-01 18:17:16','2020-11-20 20:15:00'),(11,11,'http://dropbox.net/vk/http://dropbox.net/vk/laboriosam.png.jpeg',49896209,'{\"owner\": \"Carlotta Jacobson\"}',1,'2015-12-17 16:52:56','2020-11-20 20:15:00'),(12,12,'http://dropbox.net/vk/http://dropbox.net/vk/in.jpeg.avi',859833,'{\"owner\": \"Aryanna Kuphal\"}',1,'2006-01-02 05:10:38','2020-11-20 20:15:00'),(13,13,'http://dropbox.net/vk/http://dropbox.net/vk/quis.jpeg.jpeg',6619820,'{\"owner\": \"Providenci Farrell\"}',1,'1997-09-16 15:57:06','2020-11-20 20:15:00'),(14,14,'http://dropbox.net/vk/http://dropbox.net/vk/occaecati.png.png',712005,'{\"owner\": \"Maiya Brakus\"}',2,'1993-07-29 23:40:03','2020-11-20 20:15:00'),(15,15,'http://dropbox.net/vk/http://dropbox.net/vk/excepturi.jpeg.jpeg',455432,'{\"owner\": \"Juliet Connelly\"}',2,'1976-12-28 20:02:40','2020-11-20 20:15:00'),(16,16,'http://dropbox.net/vk/http://dropbox.net/vk/dicta.mpeg.mpeg',687662,'{\"owner\": \"Brennan Stanton\"}',1,'1985-07-21 15:39:23','2020-11-20 20:15:00'),(17,17,'http://dropbox.net/vk/http://dropbox.net/vk/maxime.jpeg.mpeg',3173569,'{\"owner\": \"Marshall Brown\"}',1,'2012-12-05 15:41:59','2020-11-20 20:15:00'),(18,18,'http://dropbox.net/vk/http://dropbox.net/vk/est.jpeg.png',7165758,'{\"owner\": \"Raoul Breitenberg\"}',1,'2000-10-14 06:51:30','2020-11-20 20:15:00'),(19,19,'http://dropbox.net/vk/http://dropbox.net/vk/sed.jpeg.mpeg',62013,'{\"owner\": \"Carmen Mann\"}',2,'1988-06-05 21:05:26','2020-11-20 20:15:00'),(20,20,'http://dropbox.net/vk/http://dropbox.net/vk/quaerat.mpeg.mpeg',4565131,'{\"owner\": \"Darrel Osinski\"}',3,'1982-07-04 09:39:19','2020-11-20 20:15:00'),(21,21,'http://dropbox.net/vk/http://dropbox.net/vk/ut.png.png',296538,'{\"owner\": \"Lamar Ledner\"}',2,'1985-01-10 08:57:22','2020-11-20 20:15:00'),(22,22,'http://dropbox.net/vk/http://dropbox.net/vk/excepturi.jpeg.avi',893518,'{\"owner\": \"Torey Lehner\"}',3,'2016-07-09 08:25:11','2020-11-20 20:15:00'),(23,23,'http://dropbox.net/vk/http://dropbox.net/vk/laudantium.png.png',7709937,'{\"owner\": \"Edgardo Ebert\"}',1,'2002-05-04 20:44:34','2020-11-20 20:15:00'),(24,24,'http://dropbox.net/vk/http://dropbox.net/vk/et.avi.mpeg',507014322,'{\"owner\": \"Baylee Hayes\"}',2,'1997-09-03 21:04:18','2020-11-20 20:15:00'),(25,25,'http://dropbox.net/vk/http://dropbox.net/vk/illum.mpeg.png',724956972,'{\"owner\": \"Rae Powlowski\"}',3,'2011-12-07 16:40:52','2020-11-20 20:15:00'),(26,26,'http://dropbox.net/vk/http://dropbox.net/vk/laborum.mpeg.png',237078,'{\"owner\": \"Mervin Weimann\"}',3,'2000-05-27 02:47:15','2020-11-20 20:15:00'),(27,27,'http://dropbox.net/vk/http://dropbox.net/vk/natus.png.jpeg',1721169,'{\"owner\": \"Alfonso Prosacco\"}',2,'1975-01-21 15:35:31','2020-11-20 20:15:00'),(28,28,'http://dropbox.net/vk/http://dropbox.net/vk/pariatur.mpeg.avi',21965,'{\"owner\": \"Ewell Baumbach\"}',3,'1993-02-13 11:54:25','2020-11-20 20:15:00'),(29,29,'http://dropbox.net/vk/http://dropbox.net/vk/magnam.png.avi',546776,'{\"owner\": \"Francisco Eichmann\"}',1,'2000-02-24 18:59:32','2020-11-20 20:15:00'),(30,30,'http://dropbox.net/vk/http://dropbox.net/vk/voluptatem.mpeg.avi',989355,'{\"owner\": \"Bettye Fisher\"}',1,'1978-12-19 20:23:33','2020-11-20 20:15:00'),(31,31,'http://dropbox.net/vk/http://dropbox.net/vk/nihil.png.jpeg',2279969,'{\"owner\": \"Margot Quigley\"}',1,'2007-10-10 18:10:05','2020-11-20 20:15:00'),(32,32,'http://dropbox.net/vk/http://dropbox.net/vk/ex.jpeg.png',225539,'{\"owner\": \"Isaac Hansen\"}',3,'1985-12-10 10:21:08','2020-11-20 20:15:00'),(33,33,'http://dropbox.net/vk/http://dropbox.net/vk/et.mpeg.mpeg',578668,'{\"owner\": \"Dannie White\"}',2,'2009-03-14 13:33:03','2020-11-20 20:15:00'),(34,34,'http://dropbox.net/vk/http://dropbox.net/vk/repellendus.avi.jpeg',389762,'{\"owner\": \"Bennie Balistreri\"}',1,'2015-01-02 06:54:41','2020-11-20 20:15:00'),(35,35,'http://dropbox.net/vk/http://dropbox.net/vk/adipisci.png.avi',149633,'{\"owner\": \"Candice Hudson\"}',2,'2003-06-01 02:25:04','2020-11-20 20:15:00'),(36,36,'http://dropbox.net/vk/http://dropbox.net/vk/et.jpeg.png',61548,'{\"owner\": \"Louisa Veum\"}',1,'1973-03-19 13:28:31','2020-11-20 20:15:00'),(37,37,'http://dropbox.net/vk/http://dropbox.net/vk/et.mpeg.avi',4104,'{\"owner\": \"Lupe Torp\"}',1,'1994-09-04 06:52:15','2020-11-20 20:15:00'),(38,38,'http://dropbox.net/vk/http://dropbox.net/vk/ut.mpeg.mpeg',377717346,'{\"owner\": \"Wendell Gleason\"}',1,'2014-07-08 12:35:00','2020-11-20 20:15:00'),(39,39,'http://dropbox.net/vk/http://dropbox.net/vk/reprehenderit.avi.avi',43150602,'{\"owner\": \"Gerald Batz\"}',1,'2008-03-14 00:37:04','2020-11-20 20:15:00'),(40,40,'http://dropbox.net/vk/http://dropbox.net/vk/minima.jpeg.png',564309,'{\"owner\": \"Eulalia Mohr\"}',3,'1980-01-15 16:51:44','2020-11-20 20:15:00'),(41,41,'http://dropbox.net/vk/http://dropbox.net/vk/non.png.avi',848839,'{\"owner\": \"Kennedi Zulauf\"}',3,'2019-07-04 20:23:55','2020-11-20 20:15:00'),(42,42,'http://dropbox.net/vk/http://dropbox.net/vk/necessitatibus.jpeg.mpeg',49554,'{\"owner\": \"Kristin King\"}',3,'1979-09-05 08:26:25','2020-11-20 20:15:00'),(43,43,'http://dropbox.net/vk/http://dropbox.net/vk/dolor.mpeg.png',691252,'{\"owner\": \"Georgiana Halvorson\"}',1,'1976-01-08 16:51:33','2020-11-20 20:15:00'),(44,44,'http://dropbox.net/vk/http://dropbox.net/vk/tenetur.mpeg.avi',2619,'{\"owner\": \"Branson Reynolds\"}',1,'1990-12-30 11:56:50','2020-11-20 20:15:00'),(45,45,'http://dropbox.net/vk/http://dropbox.net/vk/dignissimos.mpeg.png',297599,'{\"owner\": \"Yvonne Heidenreich\"}',2,'2018-09-11 21:19:39','2020-11-20 20:15:00'),(46,46,'http://dropbox.net/vk/http://dropbox.net/vk/temporibus.jpeg.mpeg',1946442,'{\"owner\": \"Keshaun Herman\"}',3,'2019-08-23 07:32:19','2020-11-20 20:15:00'),(47,47,'http://dropbox.net/vk/http://dropbox.net/vk/qui.png.mpeg',1163455,'{\"owner\": \"Justen Thiel\"}',2,'2005-09-28 09:47:06','2020-11-20 20:15:00'),(48,48,'http://dropbox.net/vk/http://dropbox.net/vk/aspernatur.mpeg.mpeg',242863744,'{\"owner\": \"Ewald Abshire\"}',3,'2017-11-13 08:08:01','2020-11-20 20:15:00'),(49,49,'http://dropbox.net/vk/http://dropbox.net/vk/molestias.png.jpeg',404241,'{\"owner\": \"Jessika Lehner\"}',3,'1990-11-01 04:58:54','2020-11-20 20:15:00'),(50,50,'http://dropbox.net/vk/http://dropbox.net/vk/minus.mpeg.avi',118406,'{\"owner\": \"Nikko Daugherty\"}',2,'2007-10-30 11:00:07','2020-11-20 20:15:00'),(51,51,'http://dropbox.net/vk/http://dropbox.net/vk/accusamus.avi.jpeg',369310,'{\"owner\": \"Gilbert Halvorson\"}',1,'1993-07-27 17:38:21','2020-11-20 20:15:00'),(52,52,'http://dropbox.net/vk/http://dropbox.net/vk/voluptate.avi.png',789421,'{\"owner\": \"Julia Bogan\"}',2,'2010-07-30 08:41:39','2020-11-20 20:15:00'),(53,53,'http://dropbox.net/vk/http://dropbox.net/vk/nesciunt.avi.mpeg',508483417,'{\"owner\": \"Zackary Johnson\"}',1,'1970-12-07 15:22:50','2020-11-20 20:15:00'),(54,54,'http://dropbox.net/vk/http://dropbox.net/vk/corrupti.avi.jpeg',481332,'{\"owner\": \"Jasper Watsica\"}',1,'1987-12-08 00:21:01','2020-11-20 20:15:00'),(55,55,'http://dropbox.net/vk/http://dropbox.net/vk/debitis.mpeg.png',288730,'{\"owner\": \"Theron Schoen\"}',1,'2000-12-01 01:24:19','2020-11-20 20:15:00'),(56,56,'http://dropbox.net/vk/http://dropbox.net/vk/harum.jpeg.avi',989654,'{\"owner\": \"Roy Collins\"}',1,'2005-04-06 17:54:54','2020-11-20 20:15:00'),(57,57,'http://dropbox.net/vk/http://dropbox.net/vk/dolorem.png.avi',72079,'{\"owner\": \"Wilbert Boyle\"}',3,'2016-06-10 02:26:25','2020-11-20 20:15:00'),(58,58,'http://dropbox.net/vk/http://dropbox.net/vk/id.jpeg.jpeg',73260,'{\"owner\": \"Timmothy Barton\"}',3,'1979-09-12 15:32:53','2020-11-20 20:15:00'),(59,59,'http://dropbox.net/vk/http://dropbox.net/vk/unde.png.avi',381434,'{\"owner\": \"Ole Cassin\"}',3,'2011-01-08 21:59:27','2020-11-20 20:15:00'),(60,60,'http://dropbox.net/vk/http://dropbox.net/vk/molestias.avi.mpeg',680936,'{\"owner\": \"Precious Strosin\"}',1,'1989-03-01 05:57:32','2020-11-20 20:15:00'),(61,61,'http://dropbox.net/vk/http://dropbox.net/vk/quae.png.mpeg',250378,'{\"owner\": \"Collin Hodkiewicz\"}',1,'2017-05-29 20:40:23','2020-11-20 20:15:00'),(62,62,'http://dropbox.net/vk/http://dropbox.net/vk/nihil.png.jpeg',6708,'{\"owner\": \"Asia DuBuque\"}',2,'1970-09-29 16:45:34','2020-11-20 20:15:00'),(63,63,'http://dropbox.net/vk/http://dropbox.net/vk/ab.png.jpeg',9548364,'{\"owner\": \"Josie Kertzmann\"}',3,'1976-09-14 06:36:13','2020-11-20 20:15:00'),(64,64,'http://dropbox.net/vk/http://dropbox.net/vk/quaerat.mpeg.avi',469479,'{\"owner\": \"Imelda Ratke\"}',1,'2004-04-02 17:13:28','2020-11-20 20:15:00'),(65,65,'http://dropbox.net/vk/http://dropbox.net/vk/voluptas.png.avi',199083,'{\"owner\": \"Nola Abshire\"}',2,'2011-10-17 08:50:18','2020-11-20 20:15:00'),(66,66,'http://dropbox.net/vk/http://dropbox.net/vk/magnam.avi.png',234281,'{\"owner\": \"Micah Pfeffer\"}',1,'1977-12-17 06:59:24','2020-11-20 20:15:00'),(67,67,'http://dropbox.net/vk/http://dropbox.net/vk/asperiores.avi.png',99499,'{\"owner\": \"Beaulah King\"}',3,'1994-06-19 05:32:40','2020-11-20 20:15:00'),(68,68,'http://dropbox.net/vk/http://dropbox.net/vk/minima.jpeg.png',564156,'{\"owner\": \"Clarissa Muller\"}',2,'1976-11-05 06:29:35','2020-11-20 20:15:00'),(69,69,'http://dropbox.net/vk/http://dropbox.net/vk/aut.mpeg.jpeg',24855,'{\"owner\": \"Zoey Flatley\"}',2,'2012-04-14 18:49:08','2020-11-20 20:15:00'),(70,70,'http://dropbox.net/vk/http://dropbox.net/vk/placeat.mpeg.png',56032818,'{\"owner\": \"Keyshawn Larkin\"}',1,'1974-08-28 08:16:03','2020-11-20 20:15:00'),(71,71,'http://dropbox.net/vk/http://dropbox.net/vk/sed.png.mpeg',107937,'{\"owner\": \"Lexie Trantow\"}',3,'2011-12-16 01:26:05','2020-11-20 20:15:00'),(72,72,'http://dropbox.net/vk/http://dropbox.net/vk/quam.jpeg.mpeg',837220,'{\"owner\": \"Carmen Macejkovic\"}',1,'1998-10-27 13:08:36','2020-11-20 20:15:00'),(73,73,'http://dropbox.net/vk/http://dropbox.net/vk/totam.jpeg.avi',2637340,'{\"owner\": \"Rocio Towne\"}',3,'1993-10-31 19:01:14','2020-11-20 20:15:00'),(74,74,'http://dropbox.net/vk/http://dropbox.net/vk/eum.avi.avi',852287,'{\"owner\": \"Jaunita Mueller\"}',2,'1997-11-16 07:06:38','2020-11-20 20:15:00'),(75,75,'http://dropbox.net/vk/http://dropbox.net/vk/quasi.mpeg.jpeg',5084317,'{\"owner\": \"Ethan Morar\"}',2,'2008-01-22 18:38:37','2020-11-20 20:15:00'),(76,76,'http://dropbox.net/vk/http://dropbox.net/vk/non.png.avi',739776,'{\"owner\": \"Guadalupe Romaguera\"}',3,'2010-06-06 19:41:43','2020-11-20 20:15:00'),(77,77,'http://dropbox.net/vk/http://dropbox.net/vk/possimus.png.avi',132021,'{\"owner\": \"Tressie Metz\"}',2,'1988-11-07 10:28:01','2020-11-20 20:15:00'),(78,78,'http://dropbox.net/vk/http://dropbox.net/vk/neque.jpeg.jpeg',9039771,'{\"owner\": \"Murphy Braun\"}',3,'1989-02-10 14:59:38','2020-11-20 20:15:00'),(79,79,'http://dropbox.net/vk/http://dropbox.net/vk/voluptatem.png.png',4615778,'{\"owner\": \"Estel Jakubowski\"}',3,'1996-02-12 18:35:00','2020-11-20 20:15:00'),(80,80,'http://dropbox.net/vk/http://dropbox.net/vk/ipsam.avi.jpeg',6259171,'{\"owner\": \"Cathryn Kuhic\"}',1,'1988-01-30 13:53:00','2020-11-20 20:15:00'),(81,81,'http://dropbox.net/vk/http://dropbox.net/vk/et.png.mpeg',430778,'{\"owner\": \"Telly Purdy\"}',1,'2008-10-13 15:58:38','2020-11-20 20:15:00'),(82,82,'http://dropbox.net/vk/http://dropbox.net/vk/quia.mpeg.mpeg',807512,'{\"owner\": \"Wilburn Pollich\"}',3,'2002-01-09 20:55:33','2020-11-20 20:15:00'),(83,83,'http://dropbox.net/vk/http://dropbox.net/vk/ullam.mpeg.png',747828,'{\"owner\": \"Deion Christiansen\"}',1,'1973-08-08 20:51:30','2020-11-20 20:15:00'),(84,84,'http://dropbox.net/vk/http://dropbox.net/vk/praesentium.jpeg.png',87686,'{\"owner\": \"Jayden Sauer\"}',2,'2017-12-22 07:01:31','2020-11-20 20:15:00'),(85,85,'http://dropbox.net/vk/http://dropbox.net/vk/reprehenderit.jpeg.avi',36804918,'{\"owner\": \"Petra Roob\"}',1,'2001-04-15 20:22:12','2020-11-20 20:15:00'),(86,86,'http://dropbox.net/vk/http://dropbox.net/vk/reiciendis.png.mpeg',436804,'{\"owner\": \"Yesenia Kuhlman\"}',1,'2011-06-04 07:00:57','2020-11-20 20:15:00'),(87,87,'http://dropbox.net/vk/http://dropbox.net/vk/sint.mpeg.png',930537,'{\"owner\": \"Brandon Hintz\"}',2,'2010-09-11 20:04:18','2020-11-20 20:15:00'),(88,88,'http://dropbox.net/vk/http://dropbox.net/vk/id.mpeg.jpeg',332272,'{\"owner\": \"Sincere Cronin\"}',3,'2016-12-09 15:02:17','2020-11-20 20:15:00'),(89,89,'http://dropbox.net/vk/http://dropbox.net/vk/ea.png.mpeg',859751,'{\"owner\": \"Shanelle Torphy\"}',1,'2006-06-26 07:57:37','2020-11-20 20:15:00'),(90,90,'http://dropbox.net/vk/http://dropbox.net/vk/necessitatibus.avi.jpeg',5614,'{\"owner\": \"Euna Jacobson\"}',2,'2008-08-18 07:54:09','2020-11-20 20:15:00'),(91,91,'http://dropbox.net/vk/http://dropbox.net/vk/sequi.mpeg.mpeg',139498008,'{\"owner\": \"Alva Torphy\"}',3,'2018-04-10 02:12:09','2020-11-20 20:15:00'),(92,92,'http://dropbox.net/vk/http://dropbox.net/vk/laboriosam.jpeg.png',291941,'{\"owner\": \"Christop Herman\"}',2,'2000-02-04 08:44:58','2020-11-20 20:15:00'),(93,93,'http://dropbox.net/vk/http://dropbox.net/vk/omnis.jpeg.avi',6212,'{\"owner\": \"Lyric Wolf\"}',1,'1988-06-14 20:44:30','2020-11-20 20:15:00'),(94,94,'http://dropbox.net/vk/http://dropbox.net/vk/voluptas.avi.avi',870453,'{\"owner\": \"Dessie Cronin\"}',1,'2014-05-01 04:36:17','2020-11-20 20:15:00'),(95,95,'http://dropbox.net/vk/http://dropbox.net/vk/aut.jpeg.png',400103,'{\"owner\": \"Ezequiel Bins\"}',3,'2003-03-05 09:47:22','2020-11-20 20:15:00'),(96,96,'http://dropbox.net/vk/http://dropbox.net/vk/consequuntur.mpeg.png',142066,'{\"owner\": \"Cristopher Gottlieb\"}',2,'2012-08-21 13:56:36','2020-11-20 20:15:00'),(97,97,'http://dropbox.net/vk/http://dropbox.net/vk/quisquam.jpeg.jpeg',95688,'{\"owner\": \"Ken Veum\"}',2,'1995-11-30 12:26:47','2020-11-20 20:15:00'),(98,98,'http://dropbox.net/vk/http://dropbox.net/vk/eveniet.jpeg.png',466442,'{\"owner\": \"Carolyn Larson\"}',3,'2014-05-11 23:33:06','2020-11-20 20:15:00'),(99,99,'http://dropbox.net/vk/http://dropbox.net/vk/quia.avi.avi',35074,'{\"owner\": \"Briana Herzog\"}',2,'2011-04-27 00:10:21','2020-11-20 20:15:00'),(100,100,'http://dropbox.net/vk/http://dropbox.net/vk/vel.jpeg.png',710852,'{\"owner\": \"Linwood Howe\"}',1,'1981-03-13 07:58:27','2020-11-20 20:15:00');
/*!40000 ALTER TABLE `media` ENABLE KEYS */;
UNLOCK TABLES;

--
-- Table structure for table `media_content_types`
--

DROP TABLE IF EXISTS `media_content_types`;
/*!40101 SET @saved_cs_client     = @@character_set_client */;
/*!50503 SET character_set_client = utf8mb4 */;
CREATE TABLE `media_content_types` (
  `id` int unsigned NOT NULL AUTO_INCREMENT COMMENT 'Идентификатор строки',
  `name` varchar(10) NOT NULL COMMENT 'Тип медиа контента',
  `created_at` datetime DEFAULT CURRENT_TIMESTAMP COMMENT 'Время создания строки',
  `updated_at` datetime DEFAULT CURRENT_TIMESTAMP ON UPDATE CURRENT_TIMESTAMP COMMENT 'Время обновления строки',
  PRIMARY KEY (`id`)
) ENGINE=InnoDB DEFAULT CHARSET=utf8mb4 COLLATE=utf8mb4_0900_ai_ci COMMENT='Тип медиа контента';
/*!40101 SET character_set_client = @saved_cs_client */;

--
-- Dumping data for table `media_content_types`
--

LOCK TABLES `media_content_types` WRITE;
/*!40000 ALTER TABLE `media_content_types` DISABLE KEYS */;
/*!40000 ALTER TABLE `media_content_types` ENABLE KEYS */;
UNLOCK TABLES;

--
-- Table structure for table `media_files`
--

DROP TABLE IF EXISTS `media_files`;
/*!40101 SET @saved_cs_client     = @@character_set_client */;
/*!50503 SET character_set_client = utf8mb4 */;
CREATE TABLE `media_files` (
  `media_id` int unsigned NOT NULL COMMENT 'Ссылка media-запись созданную пользователем',
  `link` varchar(255) NOT NULL COMMENT 'Ссылка на медиаресурс в web',
  `metadata` json DEFAULT NULL COMMENT 'Метаданные медиаресурса',
  `created_at` datetime DEFAULT CURRENT_TIMESTAMP COMMENT 'Время создания строки',
  `updated_at` datetime DEFAULT CURRENT_TIMESTAMP ON UPDATE CURRENT_TIMESTAMP COMMENT 'Время обновления строки'
) ENGINE=InnoDB DEFAULT CHARSET=utf8mb4 COLLATE=utf8mb4_0900_ai_ci COMMENT='Медиассылки';
/*!40101 SET character_set_client = @saved_cs_client */;

--
-- Dumping data for table `media_files`
--

LOCK TABLES `media_files` WRITE;
/*!40000 ALTER TABLE `media_files` DISABLE KEYS */;
/*!40000 ALTER TABLE `media_files` ENABLE KEYS */;
UNLOCK TABLES;

--
-- Table structure for table `media_types`
--

DROP TABLE IF EXISTS `media_types`;
/*!40101 SET @saved_cs_client     = @@character_set_client */;
/*!50503 SET character_set_client = utf8mb4 */;
CREATE TABLE `media_types` (
  `id` int unsigned NOT NULL AUTO_INCREMENT COMMENT 'Идентификатор строки',
  `name` varchar(255) CHARACTER SET utf8 COLLATE utf8_unicode_ci NOT NULL COMMENT 'Название типа',
  `created_at` datetime DEFAULT CURRENT_TIMESTAMP COMMENT 'Время создания строки',
  `updated_at` datetime DEFAULT CURRENT_TIMESTAMP ON UPDATE CURRENT_TIMESTAMP COMMENT 'Время обновления строки',
  PRIMARY KEY (`id`),
  UNIQUE KEY `name` (`name`)
) ENGINE=InnoDB DEFAULT CHARSET=utf8 COLLATE=utf8_unicode_ci COMMENT='Типы медиафайлов';
/*!40101 SET character_set_client = @saved_cs_client */;

--
-- Dumping data for table `media_types`
--

LOCK TABLES `media_types` WRITE;
/*!40000 ALTER TABLE `media_types` DISABLE KEYS */;
/*!40000 ALTER TABLE `media_types` ENABLE KEYS */;
UNLOCK TABLES;

--
-- Table structure for table `messages`
--

DROP TABLE IF EXISTS `messages`;
/*!40101 SET @saved_cs_client     = @@character_set_client */;
/*!50503 SET character_set_client = utf8mb4 */;
CREATE TABLE `messages` (
  `id` int unsigned NOT NULL AUTO_INCREMENT COMMENT 'Идентификатор строки',
  `from_user_id` int unsigned NOT NULL COMMENT 'Ссылка на отправителя сообщения',
  `to_user_id` int unsigned NOT NULL COMMENT 'Ссылка на получателя сообщения',
  `body` text CHARACTER SET utf8 COLLATE utf8_unicode_ci NOT NULL COMMENT 'Текст сообщения',
  `media_id` int unsigned DEFAULT NULL,
  `is_important` tinyint(1) DEFAULT NULL COMMENT 'Признак важности',
  `is_delivered` tinyint(1) DEFAULT NULL COMMENT 'Признак доставки',
  `created_at` datetime DEFAULT CURRENT_TIMESTAMP COMMENT 'Время создания строки',
  PRIMARY KEY (`id`)
) ENGINE=InnoDB AUTO_INCREMENT=101 DEFAULT CHARSET=utf8 COLLATE=utf8_unicode_ci COMMENT='Сообщения';
/*!40101 SET character_set_client = @saved_cs_client */;

--
-- Dumping data for table `messages`
--

LOCK TABLES `messages` WRITE;
/*!40000 ALTER TABLE `messages` DISABLE KEYS */;
INSERT INTO `messages` VALUES (1,51,2,'Voluptas et rem eveniet voluptatum. Sit vero rerum eius est quis est. Veritatis laborum sunt voluptatem voluptatibus. Aut magnam harum provident voluptates.',84,0,1,'1979-03-08 21:38:49'),(2,57,80,'Qui aut dolorem adipisci quia vitae dolores. Alias tempore assumenda voluptatibus.',31,1,0,'1976-09-19 04:43:38'),(3,29,4,'Omnis consectetur distinctio laboriosam asperiores omnis soluta omnis. Ipsam sed non temporibus et quo. Sit tempora dolorum eaque sint enim. Voluptatem libero voluptates sunt vel autem quisquam.',4,0,0,'1971-10-07 04:25:18'),(4,33,54,'Qui et adipisci repellendus illo. Est quam veritatis est et. Facere deserunt vero corrupti et sed est ut.',23,0,1,'1982-04-04 00:28:27'),(5,67,75,'Quasi quos a similique et et quam velit. Voluptas non culpa provident ut nisi voluptatem. Officia ut culpa sequi dolorem provident eum.',5,0,0,'1986-06-08 20:01:31'),(6,73,40,'Natus sed aut ipsam sed nihil est sapiente odit. Id et ut a. Fugit praesentium atque qui.',54,0,0,'1977-07-11 10:03:55'),(7,80,80,'Aut numquam deleniti inventore ipsa. Aliquid quidem nulla iusto molestias architecto qui voluptatibus. Enim eveniet provident autem dolorem. Repellat amet ut dolor.',53,1,0,'2016-05-03 17:09:33'),(8,61,63,'Est quisquam corrupti est quis. Nostrum est rem asperiores. Fuga labore consequatur id id dolor temporibus. Excepturi doloremque est voluptate repellat.',4,1,0,'1995-11-15 22:45:36'),(9,33,75,'Officia neque aperiam quis et quasi inventore. Natus est quasi quis porro. Pariatur dolorem qui numquam rerum dolore odit quisquam. Voluptatum neque atque soluta in esse.',60,1,1,'1993-10-24 17:47:13'),(10,74,45,'Pariatur odit ipsa aut vitae. Quam neque natus quae est. Quas expedita occaecati dolores beatae eaque. Officia recusandae cumque possimus qui porro non.',86,0,1,'2002-06-29 18:11:30'),(11,5,87,'Rem sequi facilis nostrum. Veniam voluptates eius quis ea qui dicta iusto voluptates. Aut molestias magni quia consequatur odio vitae.',52,1,0,'1997-11-25 13:38:11'),(12,18,31,'Fugiat natus sed corrupti iste unde molestiae. Rem error ducimus iure. Aut voluptates et dolor est consequuntur dolor ex.',100,1,0,'2001-08-17 02:25:08'),(13,100,5,'Quas possimus error aut. Voluptas repudiandae est est voluptatem ipsum qui. Sit ullam iste blanditiis repellat amet asperiores.',44,1,0,'1982-05-16 09:02:40'),(14,26,12,'Eum consequatur et id hic mollitia laborum inventore eligendi. Itaque qui nobis id beatae.',18,1,0,'2000-07-26 16:33:06'),(15,85,85,'Excepturi nobis ipsa minima animi consectetur fugiat. Molestiae dolores officia odio perferendis voluptatem. Omnis totam quasi tenetur aliquid ea. Et odio corrupti adipisci tempora dignissimos. Voluptas eum similique amet sunt soluta voluptas nisi.',57,1,1,'2001-07-20 20:03:47'),(16,71,99,'Assumenda a cum sunt veniam. Repellendus quisquam iste sit. Voluptatem quo ad velit quam. Praesentium tenetur velit cum consequuntur aspernatur.',32,1,1,'2004-12-04 15:31:22'),(17,80,4,'Qui quae sed eligendi. Consequatur officiis qui culpa mollitia ab tempore. Ut possimus expedita quia omnis. Molestias similique ut voluptates placeat ea error.',90,1,1,'1983-11-25 18:47:37'),(18,77,75,'Nesciunt aliquam quia harum accusantium omnis quia. Rem ipsam itaque sit esse ut non quam. Omnis non consequatur in id non nisi quo. Aut ea explicabo est aspernatur non ea illo.',53,0,1,'2014-03-25 19:47:17'),(19,44,93,'In saepe sit dolores at. Eligendi vitae odio modi voluptas quia molestiae nesciunt tempora. Earum aliquid facilis repudiandae quia cum.',96,1,1,'2016-09-27 13:55:14'),(20,32,79,'Sit suscipit et fugit maiores delectus sapiente. Magnam omnis sit voluptatibus maiores sunt velit. Ab accusamus omnis qui iste soluta. Praesentium nihil eos consequuntur voluptates enim.',20,1,0,'2008-07-19 09:02:13'),(21,2,70,'Expedita natus similique voluptas praesentium saepe tempora ipsa. Deserunt iusto qui dolorem illo est libero. Ut reprehenderit provident ea voluptatem quia corrupti aut. Possimus qui aut dignissimos qui quisquam quis facere sed.',9,0,1,'1991-02-10 00:49:17'),(22,46,17,'Perferendis doloremque et ut cupiditate enim rerum aut. Atque repellat assumenda neque harum quasi officiis. Et rerum eius voluptas alias sequi sit. Labore quam enim iste occaecati laborum dignissimos non. Aut sint suscipit exercitationem.',86,1,1,'2020-07-12 13:51:05'),(23,46,79,'Reprehenderit qui ut ea dolores. Sint error nobis aut aliquid aperiam ea itaque. Quia qui fuga magnam debitis rem reprehenderit et.',1,0,0,'1988-05-30 10:59:35'),(24,58,51,'Ea cupiditate ratione rerum et dignissimos. Vel sunt aspernatur sunt consequatur harum voluptatem. Magni nisi autem adipisci et.',47,1,1,'2012-08-29 07:37:59'),(25,82,56,'Autem impedit veniam quod et. Aut nisi quis voluptatum omnis omnis. Fugiat ullam animi fugit sunt sequi assumenda explicabo a. Porro sit at molestiae cumque molestiae assumenda.',33,1,1,'1981-04-02 00:15:43'),(26,34,99,'Cum ea quia eaque vel. Voluptates asperiores doloribus quia vel qui quos ea. Vitae necessitatibus enim rerum ipsum velit.',21,0,0,'2016-02-25 06:59:06'),(27,94,71,'Ut molestias odio explicabo nihil earum recusandae sed exercitationem. Et nostrum sunt est omnis est nobis in. Non pariatur corrupti et. Ea eius ipsum dolores excepturi assumenda.',9,1,0,'2004-11-27 18:51:34'),(28,73,53,'Occaecati eligendi eum assumenda quisquam. Repellat nihil qui rerum et inventore distinctio sunt. Quod explicabo omnis aliquid iure corrupti reiciendis quis. Atque est ullam nulla nesciunt sunt et id.',79,1,1,'1970-06-10 10:01:55'),(29,43,55,'Eveniet beatae quidem ea saepe omnis aut. Dolorem inventore nihil laboriosam illum aut a. Eius qui deserunt sed illo.',66,0,1,'2020-01-18 21:22:24'),(30,46,64,'Repellat vitae praesentium omnis quisquam sint. Explicabo et aliquid consequuntur consequatur quia sunt mollitia. Ut commodi saepe est. Adipisci distinctio odit rerum aut est iusto ipsam.',95,0,0,'1993-09-22 11:29:36'),(31,82,17,'Odit suscipit neque aut qui. Ea ab itaque amet est sint eius iste quasi. Dolorem autem esse autem laborum vel. Labore ea sint aut quis similique. Delectus molestiae sed distinctio est expedita sit.',77,0,0,'1981-09-22 02:04:27'),(32,38,37,'Itaque et temporibus aliquam. Aut in sequi earum ad et ducimus. Officiis amet ut quis et voluptatem. Labore non et ut officiis reprehenderit est omnis maiores.',100,0,1,'1990-06-17 21:54:29'),(33,73,51,'Eum non quo ut autem est et. Voluptas placeat in blanditiis vel debitis animi. Ducimus aspernatur rerum iste quia inventore est sed. Eum repellendus perspiciatis nulla atque est adipisci et quasi.',66,0,1,'1973-10-02 17:25:00'),(34,38,34,'Adipisci debitis hic aut sequi. Temporibus minima accusantium consequatur aut veritatis omnis. Et eum ratione ea. Veniam quae nulla quia minus.',29,0,1,'1996-06-07 09:51:00'),(35,58,88,'Voluptates eius repellendus tempore ut voluptas. Fuga voluptas nemo consequuntur eum ut voluptatum qui molestiae. Et tempore fugit voluptas rerum consequuntur vel nemo. Ipsa vitae voluptatem ducimus voluptates.',47,0,1,'2005-07-31 11:28:43'),(36,63,54,'Sint animi molestias quas tempora. Iure dignissimos exercitationem rerum vitae soluta quis. Officiis itaque qui quo id illo non sequi. Accusamus in quia delectus nisi.',50,0,0,'2011-01-23 12:30:46'),(37,77,22,'Quidem sapiente nihil ipsam doloribus. Esse et deleniti unde quos. Veritatis veritatis laborum qui saepe deserunt. Laborum est voluptate aliquam ut quasi adipisci itaque.',6,0,0,'2017-12-08 10:47:42'),(38,81,37,'Dolores ducimus ut maiores ea nihil nostrum. Vitae delectus reprehenderit et voluptate provident est. Omnis occaecati voluptatem harum ducimus hic et.',79,0,0,'1999-06-24 05:31:20'),(39,41,94,'Laborum quia repudiandae perspiciatis itaque asperiores et earum. Pariatur dolor quis et explicabo dolorum sed. Minus qui sit perferendis quia.',79,1,1,'2011-07-12 02:21:06'),(40,45,45,'Reprehenderit excepturi assumenda eligendi delectus autem eum eveniet dolores. Eum accusantium repudiandae ut provident dolorum autem quia. Velit voluptatibus deleniti ea at et est autem. Facilis deserunt ipsa quia debitis ut et rerum.',57,0,1,'1988-04-23 00:26:34'),(41,88,4,'Dolores in velit commodi vel. Facilis qui ipsam perspiciatis cumque. Quod repellendus velit aut porro qui. Non ut cumque similique enim porro perferendis.',47,1,1,'1992-03-23 13:11:40'),(42,57,73,'Quaerat quas incidunt similique quo sit. Nihil saepe natus velit distinctio eum vitae accusamus est.',65,1,1,'1978-09-26 15:32:33'),(43,95,52,'Consectetur omnis veniam nulla delectus et. Expedita sunt dolores nemo. Temporibus magni et veritatis repellendus nostrum doloremque.',81,0,0,'2019-08-19 23:07:43'),(44,78,31,'Omnis magnam quam temporibus beatae beatae. Illo aut cum repellendus et. Ut voluptas expedita eligendi. Repellat aut possimus dolorum et temporibus doloremque ab.',12,0,0,'2009-09-13 07:11:40'),(45,23,20,'Aliquam ut qui architecto ea amet. Neque voluptatem et incidunt occaecati reiciendis quis architecto. Facere dolorum repellat sit et quia.',16,1,0,'1989-11-05 12:26:01'),(46,29,87,'Repellendus aut perferendis placeat pariatur dolorem qui quia et. Sit praesentium nostrum labore a ipsum sed. Aut in nihil ut reiciendis placeat voluptates numquam. Rerum qui omnis debitis dignissimos.',45,0,1,'2001-12-19 05:55:49'),(47,45,63,'Enim mollitia possimus et perferendis. Mollitia itaque explicabo sapiente id distinctio maiores non. Eligendi ut praesentium saepe aspernatur excepturi. Consectetur nulla et et nam excepturi quas nesciunt.',73,0,0,'1987-04-02 17:05:21'),(48,83,22,'Odit voluptas tempore blanditiis quae recusandae laudantium architecto ut. Ut culpa ab labore. Est voluptas nam vel laborum. Harum et eius ut voluptates id voluptatem.',32,1,1,'1991-07-29 06:38:19'),(49,64,51,'Modi eligendi modi consectetur totam. Aut sed nesciunt occaecati culpa officiis. Debitis magnam in vero qui.',41,0,1,'2003-04-04 19:43:55'),(50,63,64,'Vero voluptas et illo non ut vel ipsum. Sed necessitatibus nihil itaque nostrum. Facilis qui perspiciatis sed ut aut.',9,0,0,'1985-04-26 12:50:05'),(51,27,43,'Est architecto voluptatem sit neque quasi aliquam magnam. Dolorum autem quia exercitationem veritatis assumenda voluptates reprehenderit. Consectetur distinctio non fugiat voluptatum aut ullam animi.',20,1,1,'1970-10-11 19:33:25'),(52,35,44,'Nemo quia non qui. Voluptate vitae eveniet iste sed accusamus labore ipsum. Alias culpa vel nesciunt.',74,0,0,'2003-12-10 11:33:54'),(53,15,44,'Et amet deleniti repellat qui porro natus. Aut ipsa voluptatem nobis suscipit tempora aut. Saepe natus aperiam nostrum animi doloribus. Aliquam at eos sunt perferendis.',9,1,1,'2002-08-12 08:03:04'),(54,72,29,'Voluptatum ut et id nihil porro impedit natus. Id iste qui qui corrupti architecto dolorum similique. Dolorem cumque qui reiciendis ratione. Aperiam recusandae neque eos quis. Distinctio sed dolorum amet ratione nihil illo temporibus.',22,1,1,'1997-03-08 05:08:03'),(55,30,61,'Nisi aliquam ut veniam deserunt ipsa dolore labore. Quidem repellat velit vel sequi ea veritatis quia. Cupiditate qui rerum quia quas. Odio quia ut quis aut nam.',85,0,0,'2015-08-18 07:03:13'),(56,15,93,'Corrupti tenetur quaerat delectus qui est eveniet cum. Eius et minima voluptatibus non at tempore repellat optio. Et natus labore velit aliquid fugiat eveniet. Et magnam ea iusto id.',56,0,0,'1989-02-04 17:25:39'),(57,20,18,'Porro molestiae mollitia est sint voluptatem molestiae beatae in. Eveniet modi ex hic ducimus. Libero temporibus impedit vel nam consequatur. Temporibus aut omnis omnis officia modi sunt. Cum accusamus minima amet numquam et autem.',25,1,0,'2008-01-28 14:55:54'),(58,30,94,'Similique dicta quis exercitationem odio amet aliquam facilis. Occaecati mollitia et ipsam eum.',58,0,1,'2019-10-11 14:39:31'),(59,81,22,'Et enim quam aperiam eum asperiores rem. At molestiae neque non id esse laboriosam. Quis ducimus quasi ea nihil odio quibusdam autem. Beatae vel aut vero id sapiente voluptates.',12,1,1,'1977-11-19 21:32:36'),(60,69,75,'Earum dicta magnam atque soluta sed officiis et. Non quis ex impedit est. Vitae eius sunt et molestiae a optio. Amet aspernatur ut et voluptas.',87,0,1,'2008-12-30 22:00:21'),(61,69,18,'Voluptatem a quae rerum sunt exercitationem nisi. Consequuntur ut sunt illo sapiente assumenda nesciunt. Quam fugiat accusamus pariatur ut occaecati voluptas. Neque sit adipisci consequatur enim accusamus.',99,1,0,'1998-01-06 07:27:51'),(62,83,62,'Nam quis ratione repellendus alias maiores. Soluta et eligendi natus delectus voluptas aut. Nesciunt ab quam id eum. Cupiditate qui quasi delectus suscipit corporis voluptas voluptates.',32,1,1,'1993-10-10 16:23:27'),(63,61,19,'Omnis hic id velit ratione odit sed. Minima ratione itaque vero quis aut quibusdam. Eaque provident maiores velit saepe similique modi omnis. In qui officia et voluptatem harum.',64,0,1,'2014-09-03 09:29:19'),(64,10,94,'Non sit alias ut ut voluptatem eligendi nisi. Maxime asperiores reprehenderit tempore. Consequatur magni deleniti aut nemo non recusandae.',24,1,1,'1998-11-19 16:19:00'),(65,37,4,'Officia explicabo hic sint sed laudantium repellendus. Voluptas voluptates consequatur culpa recusandae vel provident. Sit aperiam excepturi fugiat ea aliquid.',26,1,0,'1998-01-21 13:09:36'),(66,9,33,'Quae quas amet illo omnis nulla sapiente. Non et neque enim illum minima. Consequuntur enim voluptatem et reprehenderit ad velit eos.',60,0,1,'1992-06-28 09:44:32'),(67,36,80,'Porro laudantium praesentium aut molestiae voluptatum dolores. Est qui distinctio ducimus eveniet eligendi dolorum voluptatem. Totam voluptas quo sit. Fugit qui quo fuga dolor iste.',19,0,1,'1984-09-09 14:43:34'),(68,91,17,'Impedit ut iure et consequatur repellendus quod. Ut omnis dolor non magnam nobis veniam porro. Temporibus dolore omnis maxime ea eos deserunt ut.',15,0,0,'1972-11-23 05:40:26'),(69,12,9,'Doloribus asperiores numquam rerum aut quas. Sapiente sint rerum consequatur inventore quod architecto. Tenetur quos sed culpa facilis illo est et. Labore et sint numquam fugiat ea sapiente consequatur dicta.',19,0,0,'1982-10-21 21:52:31'),(70,8,10,'Nihil molestias voluptatum enim est optio. Harum alias reprehenderit occaecati quis repellendus quaerat. Inventore dolores corporis ipsum hic eius delectus fugit. Rerum labore et neque voluptatem est ipsa.',48,1,0,'2020-09-18 09:30:33'),(71,28,7,'Qui ea omnis repellat voluptatum voluptatem. Laboriosam adipisci sit quam et fugit eos laborum facilis.',81,0,1,'1999-01-17 19:26:02'),(72,50,31,'Quae vel explicabo illum quis voluptas sunt. Voluptas accusamus consequuntur aut cupiditate molestiae veritatis minima. At et architecto facilis iure.',62,1,1,'2003-02-06 22:13:21'),(73,6,33,'Commodi animi voluptate et omnis. Voluptate delectus omnis tempore fuga velit. Consequatur maiores sit fuga deleniti distinctio et.',67,0,1,'1976-04-16 11:42:00'),(74,48,39,'Ut molestiae omnis aut. Quaerat eos voluptate impedit voluptatem facilis.',47,1,1,'2017-05-08 17:38:35'),(75,52,41,'Voluptatibus eum eaque similique et aut. Vero mollitia ut esse ratione minus expedita corporis quis. Id qui adipisci provident et. Sed libero est molestiae.',33,0,0,'1987-03-15 03:36:36'),(76,50,28,'Enim et dolor officia sed maxime laborum. Porro explicabo est laudantium aliquam ratione. Quia eos et minima dolores quibusdam vitae quaerat. Est ut dolore illo.',26,1,1,'1972-06-19 11:24:22'),(77,89,58,'Ut voluptatem omnis rerum voluptates dolores non. Eum quam rerum neque illo dolores quia ut. Recusandae illum iure qui rerum aut harum ullam.',31,0,0,'1983-01-26 09:20:46'),(78,24,46,'Fugiat aut voluptatem molestiae aut. Ullam voluptatem et dolorem nihil. Modi beatae consequatur voluptatem id natus. Ut et aut et eveniet voluptatem omnis ea.',77,1,0,'1978-06-27 11:35:02'),(79,55,38,'Voluptatum illum rem delectus eaque illum necessitatibus molestias. Vero ducimus dolore nihil saepe. Aspernatur culpa commodi quaerat molestiae pariatur culpa quia.',89,1,0,'1996-08-21 02:47:23'),(80,23,1,'Exercitationem illo delectus esse. Quidem velit quia at explicabo non natus.',17,1,1,'1999-04-08 22:03:12'),(81,36,78,'Quae occaecati rerum alias ratione dolorem doloribus. Aut possimus laboriosam ratione et. Natus dolore vero cupiditate minus. Accusantium vel voluptatem nihil voluptatem consequatur facere eos.',14,1,0,'2014-08-22 10:01:17'),(82,80,64,'Delectus non architecto optio odio. Ea tempora et ea voluptate. Impedit dignissimos amet et ipsa assumenda illum vel. Enim reprehenderit iure non omnis.',18,1,0,'2011-11-11 00:29:20'),(83,81,14,'Minima est aut unde aut blanditiis odit. Repellat officiis qui accusantium.',50,1,0,'1975-12-12 14:45:30'),(84,23,75,'Autem aut qui et eveniet dolores minus qui. Et eius dolores iste laborum.',93,1,0,'1970-02-05 12:57:29'),(85,4,97,'Voluptas eaque vel enim. Sit eos temporibus non et. Ipsam id in laboriosam vero illo voluptates animi exercitationem. Aut recusandae officiis sed et necessitatibus voluptatibus molestiae.',17,1,1,'1975-06-14 01:49:46'),(86,72,66,'Ipsa aliquid sunt excepturi nisi ipsa. Vel mollitia hic est ut. Quis omnis autem vero at quae dolor.',6,1,0,'2009-06-19 14:09:11'),(87,14,72,'Doloribus est eveniet ratione velit quod. Voluptatem maxime omnis quis tempore. Ad aliquam minima aut voluptatibus explicabo.',76,1,1,'1997-09-04 06:16:08'),(88,18,74,'Repudiandae repellat esse voluptatem suscipit. Rerum amet inventore et nobis deleniti. Consequatur perferendis voluptatum nulla ut laudantium temporibus. Eos aut a blanditiis rerum et et harum.',63,0,1,'1993-03-16 06:48:20'),(89,14,47,'Ut sed consequatur at sunt et quisquam. Voluptates facere suscipit voluptatem placeat qui sit sunt. Reiciendis tenetur vero aperiam ex aut sint qui.',86,0,1,'1988-08-14 10:28:34'),(90,94,28,'Aut consequuntur quia omnis eum ipsum deserunt labore. Dicta explicabo asperiores odio non fugit.',41,1,0,'2009-02-08 07:49:33'),(91,56,97,'Deleniti dolore deleniti veniam distinctio et. Fugit omnis quas et qui quis laudantium. Ab ut quos odio ea dicta. Voluptatem possimus corrupti velit voluptates debitis eos ea ex.',46,0,0,'1989-08-26 12:40:05'),(92,14,81,'Repellendus dolorum quam porro corrupti. Sunt illum placeat saepe rerum. Corrupti quo aut consequuntur.',9,0,0,'1983-03-02 08:01:41'),(93,62,66,'Eveniet earum nihil quod quisquam. Impedit voluptas consequatur sed sed. Omnis ullam est nam dolor sequi unde.',3,1,1,'2006-08-06 09:34:36'),(94,45,26,'Dolore officia eligendi error id quisquam. Dolorem nulla molestiae voluptatibus reiciendis consectetur tenetur asperiores maiores. Voluptates est molestiae repellat.',88,0,0,'2013-03-28 01:54:02'),(95,92,84,'Sed doloremque illum incidunt itaque quibusdam. Voluptas et optio molestiae sint enim cumque et. Expedita nulla illum tempora nemo. Ipsa blanditiis eius sint quos.',33,0,0,'2009-09-15 16:33:31'),(96,42,59,'Pariatur in magni dolor suscipit quasi optio. Sed sint libero corrupti nulla non. Placeat debitis minima necessitatibus officiis cumque eos nisi. Veritatis voluptas molestiae dignissimos hic ratione.',99,1,1,'2018-10-03 21:54:00'),(97,67,57,'Eligendi sed veritatis numquam commodi ea. Dolor reiciendis inventore est ea soluta est. In natus eum voluptas ea libero ducimus debitis. Natus excepturi repudiandae id quia.',98,0,1,'2002-01-19 12:33:23'),(98,85,52,'Consequatur ut occaecati numquam. Veniam itaque similique dignissimos aliquid quia. Asperiores maiores qui dolor quae qui. Amet molestiae mollitia ut tempore sint quidem et. Et sunt repudiandae reiciendis dolores et aut suscipit.',89,0,1,'2012-03-24 10:07:23'),(99,7,78,'Aut voluptas voluptas tempore dicta suscipit totam. Nihil et inventore molestias ut voluptas incidunt adipisci.',52,0,1,'1983-10-26 00:42:38'),(100,66,97,'Beatae dolores a hic iure et architecto minima. Similique sint debitis perferendis et. Assumenda eaque cupiditate pariatur maiores quisquam ut.',94,0,0,'1977-11-22 16:48:11');
/*!40000 ALTER TABLE `messages` ENABLE KEYS */;
UNLOCK TABLES;

--
-- Table structure for table `messages_media`
--

DROP TABLE IF EXISTS `messages_media`;
/*!40101 SET @saved_cs_client     = @@character_set_client */;
/*!50503 SET character_set_client = utf8mb4 */;
CREATE TABLE `messages_media` (
  `message_id` int unsigned NOT NULL COMMENT 'Ссылка на сообщение',
  `media_id` int unsigned NOT NULL COMMENT 'Ссылка на медиа-файл',
  `created_at` datetime DEFAULT CURRENT_TIMESTAMP COMMENT 'Время создания строки',
  PRIMARY KEY (`message_id`,`media_id`) COMMENT 'Составной первичный ключ'
) ENGINE=InnoDB DEFAULT CHARSET=utf8 COLLATE=utf8_unicode_ci COMMENT='Пересылаемые файлы, связь между сообщениями и медиа-файлами';
/*!40101 SET character_set_client = @saved_cs_client */;

--
-- Dumping data for table `messages_media`
--

LOCK TABLES `messages_media` WRITE;
/*!40000 ALTER TABLE `messages_media` DISABLE KEYS */;
/*!40000 ALTER TABLE `messages_media` ENABLE KEYS */;
UNLOCK TABLES;

--
-- Table structure for table `profiles`
--

DROP TABLE IF EXISTS `profiles`;
/*!40101 SET @saved_cs_client     = @@character_set_client */;
/*!50503 SET character_set_client = utf8mb4 */;
CREATE TABLE `profiles` (
  `user_id` int unsigned NOT NULL COMMENT 'Ссылка на пользователя',
  `gender` enum('M','F') COLLATE utf8_unicode_ci NOT NULL,
  `birthday` date DEFAULT NULL COMMENT 'Дата рождения',
  `city` varchar(130) CHARACTER SET utf8 COLLATE utf8_unicode_ci DEFAULT NULL COMMENT 'Город проживания',
  `country` varchar(130) CHARACTER SET utf8 COLLATE utf8_unicode_ci DEFAULT NULL COMMENT 'Страна проживания',
  `created_at` datetime DEFAULT CURRENT_TIMESTAMP COMMENT 'Время создания строки',
  `updated_at` datetime DEFAULT CURRENT_TIMESTAMP ON UPDATE CURRENT_TIMESTAMP COMMENT 'Время обновления строки',
  PRIMARY KEY (`user_id`)
) ENGINE=InnoDB DEFAULT CHARSET=utf8 COLLATE=utf8_unicode_ci COMMENT='Профили';
/*!40101 SET character_set_client = @saved_cs_client */;

--
-- Dumping data for table `profiles`
--

LOCK TABLES `profiles` WRITE;
/*!40000 ALTER TABLE `profiles` DISABLE KEYS */;
INSERT INTO `profiles` VALUES (1,'F','2002-04-06','West Jennyfer','463','2001-04-08 15:56:17','2020-11-20 19:38:14'),(2,'F','1982-04-09','Port Adah','176','1986-09-20 07:21:20','2020-11-20 19:05:06'),(3,'F','2002-09-08','West Ashlynn','18949375','1998-03-17 08:04:16','2020-11-20 19:07:25'),(4,'M','1977-06-16','Turcottetown','4430280','1999-08-17 14:13:28','2020-11-20 19:38:14'),(5,'F','1972-02-14','Kihntown','71988634','1973-04-22 01:26:20','2020-11-20 19:05:06'),(6,'F','1997-11-11','Port Sabina','135','1992-05-09 23:12:08','2020-11-20 19:01:07'),(7,'F','1971-10-06','Port Royalville','','2016-03-23 17:53:15','2020-11-20 19:38:14'),(8,'M','2017-07-09','O\'Connershire','64975','2011-03-02 00:24:16','2020-11-20 19:38:14'),(9,'M','2020-07-21','North Kurtside','1931468','2010-11-25 06:58:09','2020-11-20 19:38:14'),(10,'F','1983-10-05','Lake Gloria','729372240','1989-03-17 02:14:07','2020-11-20 19:07:25'),(11,'M','1981-06-29','Lake Macy','15932','1984-03-06 17:33:51','2020-11-20 19:01:09'),(12,'F','2009-10-25','Lake Billy','8796713','1994-12-28 11:55:36','2020-11-20 19:05:06'),(13,'F','2019-07-10','Shieldstown','228','1974-03-07 05:42:57','2020-11-20 19:38:14'),(14,'M','2005-08-04','Buckridgechester','7771','1984-02-10 10:04:49','2020-11-20 19:38:14'),(15,'F','2005-08-03','South Deltaport','353','1980-10-23 07:32:06','2020-11-20 19:07:25'),(16,'M','1982-04-05','South Raphaelbury','7858','1974-02-03 13:46:24','2020-11-20 19:38:14'),(17,'F','2017-03-11','Deckowbury','','1996-08-24 01:45:00','2020-11-20 19:38:14'),(18,'M','2004-11-16','East Arielleburgh','94872039','1987-03-06 01:35:04','2020-11-20 19:38:14'),(19,'F','1982-04-26','Binsburgh','8','1984-08-26 12:18:46','2020-11-20 19:07:25'),(20,'M','2007-02-05','Zemlakton','57807118','1995-10-28 05:42:12','2020-11-20 19:38:14'),(21,'F','2003-12-04','West Maeganmouth','84670430','2014-09-19 03:29:14','2020-11-20 19:38:14'),(22,'M','2006-05-12','Lake Cicero','9','1996-12-18 20:25:50','2020-11-20 19:07:25'),(23,'F','2018-01-11','North Gianni','384','1970-09-15 19:44:55','2020-11-20 19:01:09'),(24,'M','1973-11-17','Stehrborough','5','2016-06-12 19:14:19','2020-11-20 19:07:25'),(25,'F','1991-03-14','New Jairo','66409','1971-10-18 18:13:34','2020-11-20 19:01:07'),(26,'F','1973-01-27','Lake Leatha','2','1970-08-11 15:06:07','2020-11-20 19:01:09'),(27,'F','2019-03-15','New Hudsonshire','','2019-01-27 16:47:21','2020-11-20 19:38:14'),(28,'F','1988-01-25','South Hoytfurt','763','1990-04-01 07:42:40','2020-11-20 19:01:07'),(29,'M','1978-02-08','Bruenport','32654','2003-09-27 07:19:58','2020-11-20 19:07:25'),(30,'M','1995-12-01','Lednerstad','','2006-07-18 22:33:46','2020-11-20 19:38:14'),(31,'F','1971-06-13','West Wandaburgh','2','2000-01-25 14:04:08','2020-11-20 19:38:14'),(32,'M','2016-06-03','Lake Tamia','44','1985-06-29 23:53:59','2020-11-20 19:38:14'),(33,'M','1979-12-23','Heaneybury','3008455','2008-03-09 11:56:10','2020-11-20 19:05:06'),(34,'M','2000-10-26','Purdyfurt','456736','1993-11-16 22:23:50','2020-11-20 19:05:06'),(35,'M','1991-11-07','Port Ella','65','1980-07-11 05:34:59','2020-11-20 19:38:14'),(36,'M','2016-12-20','Durganview','','1975-01-16 19:07:11','2020-11-20 19:07:25'),(37,'M','2015-06-28','North Michelle','189451442','1986-12-21 08:09:45','2020-11-20 19:38:14'),(38,'M','1987-02-02','West Maxiehaven','9015117','1992-05-01 10:32:16','2020-11-20 19:05:06'),(39,'F','1987-10-12','Merlinbury','1306','1991-06-24 13:05:54','2020-11-20 19:38:14'),(40,'M','1994-12-16','Tillmanborough','','2014-04-18 02:33:01','2020-11-20 19:07:25'),(41,'F','1971-06-03','Vincenzastad','76536','2016-04-08 18:43:47','2020-11-20 19:07:25'),(42,'M','1988-01-18','Erichberg','342','1997-07-13 16:53:35','2020-11-20 19:05:06'),(43,'F','1983-04-02','Lake Skylahaven','62080','1970-01-02 18:21:43','2020-11-20 19:38:14'),(44,'F','1984-02-29','Lake Abbigailton','385','2017-08-26 16:12:26','2020-11-20 19:38:14'),(45,'F','2014-04-25','West Boris','267','1971-08-23 21:39:42','2020-11-20 19:01:07'),(46,'F','1982-09-22','Gleichnerfort','805','2019-05-07 05:06:38','2020-11-20 19:01:09'),(47,'F','2011-09-18','New Rogelio','','2004-01-12 13:20:45','2020-11-20 19:38:14'),(48,'F','1972-12-04','South Osvaldo','6518998','1983-07-29 00:09:43','2020-11-20 19:38:14'),(49,'F','2011-03-05','Rogeliofurt','9','1994-07-12 22:29:56','2020-11-20 19:38:14'),(50,'M','1986-04-20','West Shanon','5469014','1985-07-19 00:07:22','2020-11-20 19:07:25'),(51,'M','1991-12-20','East Marcelshire','40','2018-09-22 17:14:00','2020-11-20 19:38:14'),(52,'M','1999-09-09','West Othaview','71678388','2013-08-14 05:50:29','2020-11-20 19:07:25'),(53,'F','1998-09-16','Johathanborough','216674812','1987-11-26 03:02:35','2020-11-20 19:07:25'),(54,'F','1976-07-27','West Sammie','991521005','1998-10-02 15:51:00','2020-11-20 19:38:14'),(55,'F','1975-12-20','Danykachester','','1986-01-29 18:59:24','2020-11-20 19:07:25'),(56,'M','1993-08-19','New Caitlynborough','5216181','2000-11-05 11:04:49','2020-11-20 19:07:25'),(57,'M','1996-11-09','Port Emmittport','76','2008-03-13 04:20:16','2020-11-20 19:01:07'),(58,'F','1980-05-02','Ricebury','7702','2001-03-03 12:59:24','2020-11-20 19:05:06'),(59,'M','1976-09-03','Clementinafurt','61022955','1989-12-12 07:09:14','2020-11-20 19:07:25'),(60,'F','1972-09-16','West May','348296','1989-10-24 04:12:48','2020-11-20 19:01:09'),(61,'M','2017-01-12','Dickimouth','75801','1995-03-17 22:26:07','2020-11-20 19:07:25'),(62,'F','2016-06-26','Rippinfort','5096320','1972-03-02 18:40:01','2020-11-20 19:38:14'),(63,'M','1991-12-01','Ellaside','9','1996-10-31 03:04:33','2020-11-20 19:38:14'),(64,'F','1983-10-07','Hoegerfurt','','2009-11-16 07:27:38','2020-11-20 19:38:14'),(65,'F','1983-04-05','Langoshberg','56677904','1992-02-01 12:29:11','2020-11-20 19:07:25'),(66,'F','1975-07-24','Turnertown','7885967','1982-03-07 20:18:51','2020-11-20 19:07:25'),(67,'M','1970-07-14','Considinechester','579','2016-11-15 23:47:40','2020-11-20 19:38:14'),(68,'M','1973-09-29','Bruentown','8970647','2004-05-02 05:46:11','2020-11-20 19:38:14'),(69,'M','1987-12-06','East Kadin','93','2009-02-24 01:36:29','2020-11-20 19:38:14'),(70,'M','2002-09-17','Port Brooklyn','979581760','1972-10-01 15:51:49','2020-11-20 19:05:06'),(71,'F','1981-08-27','Paucekmouth','8','2000-10-26 00:36:02','2020-11-20 19:38:14'),(72,'F','2008-08-12','Emilianoborough','29401','1999-11-09 06:26:31','2020-11-20 19:05:06'),(73,'M','1991-03-17','Port Oda','95416','2003-08-08 11:06:48','2020-11-20 19:05:06'),(74,'F','1984-08-31','New Conniefort','98796','2002-08-06 12:39:55','2020-11-20 19:38:14'),(75,'M','1974-07-26','Claudinefurt','33','1976-06-17 10:45:39','2020-11-20 19:38:14'),(76,'F','2007-09-26','Nienowton','9','2004-06-04 03:08:33','2020-11-20 19:38:14'),(77,'F','1974-08-15','Towneburgh','282','1974-01-20 20:11:43','2020-11-20 19:38:14'),(78,'M','2014-05-17','Celineport','90569','1973-08-14 08:54:52','2020-11-20 19:07:25'),(79,'F','2002-09-29','Reingermouth','854224867','1996-09-03 06:50:23','2020-11-20 19:05:06'),(80,'M','1970-04-16','South Melisa','89','2001-11-16 12:16:44','2020-11-20 19:38:14'),(81,'M','2007-03-02','New Jennifer','81334378','1997-01-05 04:15:07','2020-11-20 19:38:14'),(82,'F','1992-04-03','New Heloiseborough','40','2001-01-24 23:36:18','2020-11-20 19:38:14'),(83,'M','1974-01-10','East Addie','1046304','1977-04-12 02:29:18','2020-11-20 19:07:25'),(84,'F','2016-08-15','Dareburgh','419832731','1976-09-30 14:26:20','2020-11-20 19:38:14'),(85,'F','2000-09-18','Strosinmouth','31091907','2016-05-30 02:46:42','2020-11-20 19:07:25'),(86,'F','1998-05-02','New Logan','714475','1993-06-21 13:03:47','2020-11-20 19:38:14'),(87,'M','1990-02-19','South Talon','595330','1987-05-16 09:58:20','2020-11-20 19:38:14'),(88,'M','1981-03-31','Lake Mitchellfort','59','2011-08-07 11:16:57','2020-11-20 19:07:25'),(89,'M','2012-10-10','Lake Linnea','47854248','1971-12-18 10:47:25','2020-11-20 19:38:14'),(90,'M','1982-02-23','Lake Gerald','59','1975-12-30 14:08:23','2020-11-20 19:38:14'),(91,'M','1976-03-04','Lake Prestonside','818','1990-07-30 09:58:45','2020-11-20 19:07:25'),(92,'F','1995-05-24','Willberg','568767','1995-02-14 14:52:12','2020-11-20 19:07:25'),(93,'M','2005-11-21','New Carli','1','2012-03-26 19:42:57','2020-11-20 19:01:07'),(94,'F','1978-06-26','Carolanneview','40','2008-01-01 10:26:35','2020-11-20 19:07:25'),(95,'M','2019-06-12','New Juanita','','2014-06-13 15:40:01','2020-11-20 19:07:25'),(96,'M','2010-05-23','Port Myrtice','224919','1994-04-20 14:11:06','2020-11-20 19:05:06'),(97,'F','1982-07-31','Port Casimer','325391','2015-01-12 01:38:38','2020-11-20 19:38:14'),(98,'M','1979-08-25','East Alizafurt','','1991-07-25 01:53:59','2020-11-20 19:38:14'),(99,'F','1974-04-12','Hansenview','2908683','1991-10-30 21:33:19','2020-11-20 19:38:14'),(100,'F','1989-01-15','New Vada','3451185','2010-02-02 11:27:43','2020-11-20 19:38:14');
/*!40000 ALTER TABLE `profiles` ENABLE KEYS */;
UNLOCK TABLES;

--
-- Table structure for table `users`
--

DROP TABLE IF EXISTS `users`;
/*!40101 SET @saved_cs_client     = @@character_set_client */;
/*!50503 SET character_set_client = utf8mb4 */;
CREATE TABLE `users` (
  `id` int unsigned NOT NULL AUTO_INCREMENT COMMENT 'Идентификатор строки',
  `first_name` varchar(100) CHARACTER SET utf8 COLLATE utf8_unicode_ci NOT NULL COMMENT 'Имя пользователя',
  `last_name` varchar(100) CHARACTER SET utf8 COLLATE utf8_unicode_ci NOT NULL COMMENT 'Фамилия пользователя',
  `email` varchar(100) CHARACTER SET utf8 COLLATE utf8_unicode_ci NOT NULL COMMENT 'Почта',
  `phone` varchar(100) CHARACTER SET utf8 COLLATE utf8_unicode_ci NOT NULL COMMENT 'Телефон',
  `created_at` datetime DEFAULT CURRENT_TIMESTAMP COMMENT 'Время создания строки',
  `updated_at` datetime DEFAULT CURRENT_TIMESTAMP ON UPDATE CURRENT_TIMESTAMP COMMENT 'Время обновления строки',
  PRIMARY KEY (`id`),
  UNIQUE KEY `email` (`email`),
  UNIQUE KEY `phone` (`phone`)
) ENGINE=InnoDB AUTO_INCREMENT=101 DEFAULT CHARSET=utf8 COLLATE=utf8_unicode_ci COMMENT='Пользователи';
/*!40101 SET character_set_client = @saved_cs_client */;

--
-- Dumping data for table `users`
--

LOCK TABLES `users` WRITE;
/*!40000 ALTER TABLE `users` DISABLE KEYS */;
INSERT INTO `users` VALUES (1,'Tillman','Fadel','franecki.carlie@example.com','1-279-655-2243','1971-10-08 17:52:12','1988-03-20 11:18:11'),(2,'Giuseppe','Green','adam46@example.com','663.491.4681x49888','1987-09-22 09:56:59','2018-07-26 17:04:40'),(3,'Willy','Will','khalil.romaguera@example.net','028-848-7158x63293','2004-06-03 20:02:25','2018-10-15 01:16:54'),(4,'Winifred','Harris','maxwell.volkman@example.net','+67(7)8376053463','1989-09-18 08:14:52','2020-11-20 19:00:47'),(5,'Ned','Wilkinson','ashlynn64@example.com','(917)751-8478x678','1974-12-17 12:14:13','1981-12-14 11:00:57'),(6,'Blanca','Grady','walker.justice@example.org','1-024-553-1677x0567','1982-12-13 22:01:34','2005-06-26 09:27:54'),(7,'Effie','Kiehn','aric.heathcote@example.net','1-928-867-3034','1989-11-07 18:40:56','2014-11-20 15:14:29'),(8,'Kristina','Wehner','winston06@example.net','721-745-3734','2010-01-16 08:27:03','2018-06-17 15:14:44'),(9,'Theodore','Heidenreich','devon.pfeffer@example.com','(504)438-5314x1595','2014-05-03 01:03:31','2020-11-20 19:00:47'),(10,'Julio','Bailey','dannie.deckow@example.com','1-873-448-3587','2000-05-09 20:28:29','2020-11-20 19:00:47'),(11,'Carlotta','Jacobson','delta04@example.org','05814256808','2011-10-04 17:21:05','2020-11-20 19:00:47'),(12,'Aryanna','Kuphal','nikita.becker@example.net','01009327357','2004-03-05 14:00:37','2020-11-20 19:00:47'),(13,'Providenci','Farrell','dena93@example.net','(851)513-8100x743','2015-12-29 15:29:17','2020-11-20 19:00:47'),(14,'Maiya','Brakus','will.rosella@example.org','+61(8)4820140234','1985-05-17 22:57:24','2007-11-22 16:18:30'),(15,'Juliet','Connelly','aniya80@example.net','00263952799','2003-06-11 02:17:50','2020-11-20 19:00:47'),(16,'Brennan','Stanton','o\'reilly.ofelia@example.org','1-845-916-1249x443','1998-12-13 02:18:47','1999-04-11 16:49:55'),(17,'Marshall','Brown','abbey.block@example.com','1-506-919-7085','1991-07-10 20:50:14','2020-11-20 19:00:47'),(18,'Raoul','Breitenberg','fisher.adolfo@example.com','1-158-875-2657x45221','2011-04-22 04:29:14','2011-10-19 23:58:46'),(19,'Carmen','Mann','amparo72@example.net','(263)365-1220x00340','1996-02-27 18:01:46','2020-06-20 14:32:48'),(20,'Darrel','Osinski','merle01@example.com','1-192-740-2760x610','1974-05-24 17:22:25','1997-08-24 16:25:59'),(21,'Lamar','Ledner','emard.mckenzie@example.net','1-312-717-5320','2011-03-03 20:55:38','2020-11-20 19:00:47'),(22,'Torey','Lehner','sauer.christy@example.net','(704)912-6142x01091','1989-06-25 15:49:18','1997-09-23 21:07:46'),(23,'Edgardo','Ebert','jamaal.upton@example.net','1-932-465-7577','1983-04-07 11:23:30','2020-11-20 19:00:47'),(24,'Baylee','Hayes','hulda.gorczany@example.com','606.364.1216x113','1996-09-11 15:23:27','2020-11-20 19:00:47'),(25,'Rae','Powlowski','reynolds.orval@example.net','969.978.6878','2007-04-19 17:45:14','2020-11-20 19:00:47'),(26,'Mervin','Weimann','fschuppe@example.org','(473)286-9530x45384','2015-02-16 16:13:54','2020-11-20 19:00:47'),(27,'Alfonso','Prosacco','johns.gilda@example.org','363-393-8284x68727','1987-03-15 04:33:21','2009-09-20 14:22:36'),(28,'Ewell','Baumbach','joana.senger@example.com','03122739880','2012-10-28 18:51:28','2020-11-20 19:00:47'),(29,'Francisco','Eichmann','haley.cade@example.com','(719)851-0899','2003-04-19 17:39:17','2020-11-20 19:00:47'),(30,'Bettye','Fisher','katheryn29@example.com','(399)686-4792','1995-06-23 18:32:03','1998-10-25 03:07:42'),(31,'Margot','Quigley','mariela93@example.com','1-795-710-2643x2335','1999-06-06 03:26:56','2020-11-20 19:00:47'),(32,'Isaac','Hansen','kassulke.heloise@example.net','378.718.3072','1992-10-01 05:05:29','2004-12-11 18:45:07'),(33,'Dannie','White','pleannon@example.org','854-349-1072','1999-05-16 09:38:32','2015-08-11 13:17:10'),(34,'Bennie','Balistreri','xswaniawski@example.com','1-410-118-2316','1975-07-31 13:14:52','2020-11-20 19:00:47'),(35,'Candice','Hudson','gstanton@example.com','(745)672-4500','1989-03-15 15:40:19','1990-10-11 05:59:52'),(36,'Louisa','Veum','brooke28@example.net','725-006-6627x902','1974-09-24 10:06:10','2003-03-11 07:09:42'),(37,'Lupe','Torp','esperanza.carroll@example.com','763-623-6405x646','1977-08-24 18:22:27','1992-09-20 11:40:44'),(38,'Wendell','Gleason','ao\'reilly@example.com','+85(4)7409780405','1989-07-26 17:57:35','1991-09-08 02:58:44'),(39,'Gerald','Batz','ortiz.reynold@example.org','(144)619-9941x8053','1998-09-10 23:50:21','2003-10-29 15:05:27'),(40,'Eulalia','Mohr','udare@example.com','569-120-5400x43906','2001-10-23 01:00:25','2020-11-20 19:00:47'),(41,'Kennedi','Zulauf','schaefer.reuben@example.net','00169546053','1970-05-09 05:18:03','2015-09-11 15:27:14'),(42,'Kristin','King','cordia16@example.com','1-435-457-9413x823','1970-03-05 07:37:36','1979-04-22 06:42:05'),(43,'Georgiana','Halvorson','rose80@example.net','(255)681-9069','1997-06-06 01:44:28','2020-11-20 19:00:47'),(44,'Branson','Reynolds','hackett.shea@example.org','297.591.4935x130','2004-03-25 15:22:58','2007-01-01 07:53:57'),(45,'Yvonne','Heidenreich','dickens.travis@example.org','1-181-234-6292','2018-10-08 19:06:35','2020-11-20 19:00:47'),(46,'Keshaun','Herman','marquardt.morton@example.com','549.758.9616','1985-09-02 20:05:41','2008-05-14 08:09:24'),(47,'Justen','Thiel','akoepp@example.com','+02(6)1208098708','1996-02-20 23:19:59','1998-01-04 07:29:12'),(48,'Ewald','Abshire','xlindgren@example.org','305-759-3412','1997-07-07 14:58:16','2020-11-20 19:00:47'),(49,'Jessika','Lehner','conn.eleanore@example.org','706-306-5172x434','2009-03-01 09:14:10','2020-11-20 19:00:47'),(50,'Nikko','Daugherty','yarmstrong@example.org','(202)139-4026','1983-04-08 18:06:36','2015-05-14 16:09:01'),(51,'Gilbert','Halvorson','wilson13@example.com','416-057-1550','2004-02-28 06:06:16','2020-11-20 19:00:47'),(52,'Julia','Bogan','ahermann@example.org','373-415-8695x93397','1990-02-06 00:23:07','2020-11-20 19:00:47'),(53,'Zackary','Johnson','heloise.smitham@example.com','(497)687-2137','1998-04-16 11:34:16','2000-03-05 09:00:02'),(54,'Jasper','Watsica','brekke.bettie@example.org','(693)075-8410','2000-12-09 05:44:23','2020-11-20 19:00:47'),(55,'Theron','Schoen','andreane.muller@example.com','456.011.7692x7966','1971-11-20 21:44:55','2003-12-08 10:57:06'),(56,'Roy','Collins','fatima.dooley@example.net','1-006-047-4153x6945','1972-07-28 11:54:54','1998-08-06 09:23:06'),(57,'Wilbert','Boyle','tromp.curt@example.net','801.503.8348','1990-07-26 09:25:20','2020-11-20 19:00:47'),(58,'Timmothy','Barton','dickens.tania@example.org','548.707.9890','1973-03-06 20:22:40','1976-09-30 04:24:46'),(59,'Ole','Cassin','kessler.celia@example.com','1-145-847-9674x368','1983-02-24 21:22:26','1991-06-03 11:35:56'),(60,'Precious','Strosin','rodrick.jaskolski@example.net','(010)933-0979x099','1971-12-14 14:25:09','1998-03-08 00:27:14'),(61,'Collin','Hodkiewicz','morar.heaven@example.org','091.582.9243x295','1979-11-03 19:26:55','1981-04-09 22:46:26'),(62,'Asia','DuBuque','florian73@example.org','+31(7)9664654842','1981-02-04 17:14:00','1990-03-13 00:36:06'),(63,'Josie','Kertzmann','leuschke.beau@example.com','(291)319-4552x441','2015-12-09 01:36:50','2020-04-28 01:39:10'),(64,'Imelda','Ratke','aliya.murazik@example.org','(114)912-0256','2014-04-09 07:37:11','2020-11-20 19:00:47'),(65,'Nola','Abshire','king.alysson@example.net','317.055.2677x4453','2014-01-12 23:11:04','2020-11-20 19:00:47'),(66,'Micah','Pfeffer','marquise.ruecker@example.com','+11(9)8299472683','1998-11-01 12:54:17','2020-11-20 19:00:47'),(67,'Beaulah','King','marley.sawayn@example.org','812-698-7426','2017-03-09 14:00:33','2020-11-20 19:00:47'),(68,'Clarissa','Muller','leilani.moen@example.com','+62(9)8550736784','1997-12-05 09:07:07','2020-11-20 19:00:47'),(69,'Zoey','Flatley','jacobson.araceli@example.com','1-762-959-8560','2017-10-16 19:00:36','2017-12-12 08:34:19'),(70,'Keyshawn','Larkin','bernhard.rodrick@example.com','456-453-0914x8083','1971-02-04 19:51:53','1985-03-09 10:13:44'),(71,'Lexie','Trantow','summer50@example.com','(111)696-6051x72629','1995-11-15 00:31:42','1999-10-24 16:43:47'),(72,'Carmen','Macejkovic','russel.hoyt@example.org','026.982.1755x27876','1990-06-12 09:02:39','2020-11-20 19:00:47'),(73,'Rocio','Towne','uvonrueden@example.com','(346)185-1993x8802','2017-03-18 17:26:53','2020-11-20 19:00:47'),(74,'Jaunita','Mueller','veronica68@example.com','(219)766-1679','2017-11-18 20:03:25','2020-11-20 19:00:47'),(75,'Ethan','Morar','carolyn27@example.net','(854)431-8196','1995-02-18 11:32:48','1995-05-03 11:41:26'),(76,'Guadalupe','Romaguera','kenyatta26@example.org','1-823-694-5121x275','1988-11-08 16:00:21','2014-05-09 06:23:17'),(77,'Tressie','Metz','khalil15@example.com','(332)557-3695','1989-05-08 08:23:55','1998-04-20 04:50:13'),(78,'Murphy','Braun','ratke.murphy@example.com','08048841855','1998-03-08 21:26:21','2020-11-20 19:00:47'),(79,'Estel','Jakubowski','antonia31@example.net','+63(6)5160466509','1989-05-28 06:24:49','2020-11-20 19:00:47'),(80,'Cathryn','Kuhic','cole.birdie@example.org','765.088.6204x8522','2010-03-16 06:18:55','2020-11-20 19:00:47'),(81,'Telly','Purdy','kbergstrom@example.org','634-010-1975x368','1983-02-12 23:16:15','1995-06-08 09:05:23'),(82,'Wilburn','Pollich','vjaskolski@example.com','(103)858-0561','2006-12-06 20:54:04','2020-11-20 19:00:47'),(83,'Deion','Christiansen','theresa.huels@example.com','(047)077-9708','2008-02-28 11:01:08','2020-05-17 00:31:09'),(84,'Jayden','Sauer','clangworth@example.org','(368)878-4626','2010-02-02 01:30:17','2020-11-20 19:00:47'),(85,'Petra','Roob','connelly.robert@example.net','(473)376-5548x345','1989-04-04 03:01:55','2004-01-10 20:31:39'),(86,'Yesenia','Kuhlman','murazik.lauryn@example.com','1-542-229-8047x5984','1976-01-29 18:11:20','1986-10-09 08:05:34'),(87,'Brandon','Hintz','stamm.mariela@example.org','1-306-939-9462x535','1996-07-07 17:03:44','2014-03-09 00:24:30'),(88,'Sincere','Cronin','christina.olson@example.net','596-695-9397x87631','2004-08-18 22:18:53','2016-12-28 04:38:53'),(89,'Shanelle','Torphy','paris26@example.com','04316425826','1995-02-18 10:47:50','2000-04-25 18:30:39'),(90,'Euna','Jacobson','crutherford@example.net','(307)414-0581x567','2014-02-02 16:31:07','2015-07-08 15:52:21'),(91,'Alva','Torphy','walton57@example.com','(156)862-9248x74777','1988-11-28 21:15:03','2020-11-20 19:00:47'),(92,'Christop','Herman','elijah88@example.net','1-447-138-9237','1993-04-22 15:14:07','2003-01-12 17:00:30'),(93,'Lyric','Wolf','barry.harris@example.org','1-394-620-6509','1998-11-18 21:07:04','2020-11-20 19:00:47'),(94,'Dessie','Cronin','mertz.tiara@example.org','536-709-4233x12825','1979-11-12 17:54:14','1981-07-09 14:48:28'),(95,'Ezequiel','Bins','javon.runolfsson@example.net','(524)360-9961','1973-04-10 04:56:15','2004-03-18 14:47:41'),(96,'Cristopher','Gottlieb','promaguera@example.com','703.194.2009x55224','1982-05-24 16:57:37','2014-11-18 01:47:46'),(97,'Ken','Veum','walker.jocelyn@example.net','1-541-000-8852x3576','1977-08-25 01:50:59','2020-07-18 08:49:59'),(98,'Carolyn','Larson','carlee.zulauf@example.com','07213499178','2003-06-03 03:19:36','2020-11-20 19:00:47'),(99,'Briana','Herzog','arlene.o\'kon@example.com','04379121001','1991-01-18 09:32:17','1995-03-06 13:05:04'),(100,'Linwood','Howe','tweimann@example.org','(975)166-5824','1998-11-14 23:27:00','2020-11-20 19:00:47');
/*!40000 ALTER TABLE `users` ENABLE KEYS */;
UNLOCK TABLES;
/*!40103 SET TIME_ZONE=@OLD_TIME_ZONE */;

/*!40101 SET SQL_MODE=@OLD_SQL_MODE */;
/*!40014 SET FOREIGN_KEY_CHECKS=@OLD_FOREIGN_KEY_CHECKS */;
/*!40014 SET UNIQUE_CHECKS=@OLD_UNIQUE_CHECKS */;
/*!40101 SET CHARACTER_SET_CLIENT=@OLD_CHARACTER_SET_CLIENT */;
/*!40101 SET CHARACTER_SET_RESULTS=@OLD_CHARACTER_SET_RESULTS */;
/*!40101 SET COLLATION_CONNECTION=@OLD_COLLATION_CONNECTION */;
/*!40111 SET SQL_NOTES=@OLD_SQL_NOTES */;

-- Dump completed on 2020-11-20 20:18:38
